﻿价格,面积,编号,户型,楼层,位置1,位置2,小区,地铁
2820,11,52998-C,3室1卫,8/24层,朝阳区,青年路,富华家园,地铁：距6号线青年路站950米
2980,16,55700-A,3室1卫,5/6层,丰台区,公益西桥,富卓苑,地铁：距4号线大兴线公益西桥站550米
2360,13,57806-C,4室1卫,5/6层,丰台区,四环路,宜兰园二区,地铁：距房山线四环路站1450米
2890,15,58809-C,3室1卫,1/6层,昌平区,回龙观,龙乡中区,地铁：距13号线回龙观站850米
1970,15,62361-C,3室1卫,18/26层,昌平区,昌平,新悦家园,地铁：距昌平线昌平站1200米
3470,15,75643-B,2室1卫,4/6层,海淀区,上地,小营西路23号院,地铁：距13号线上地站1200米
2360,9,1077-A,4室1卫,2/18层,朝阳区,肖村,中海城圣朝菲,地铁：距亦庄线肖村站600米
3520,19,11443-A,3室1卫,9/11层,朝阳区,四惠,通惠家园惠润园,"地铁：距1号线,八通线四惠站650米"
2980,16,130915-A,2室1卫,2/5层,朝阳区,传媒大学,定福庄西街,地铁：距八通线传媒大学站350米
1770,15,132544-A,3室1卫,1/6层,大兴区,黄村火车站,观音寺南里,地铁：距4号线大兴线黄村火车站站1500米
2540,9,131017-B,2室1卫,3/6层,丰台区,丰台南路,富丰园小区,地铁：距9号线丰台南路站1100米
4420,79,134282-A,2室1卫,3/6层,通州区,梨园,云景西里南区,地铁：距八通线梨园站850米
6760,86,136721-A,2室1卫,3/6层,海淀区,育新,沁春家园,地铁：距8号线育新站1050米
2960,12,143273-A,2室1卫,2/16层,丰台区,方庄,芳星园三区,地铁：距14号线东段方庄站650米
,,,,,,,,
2240,11,141303-A,3室1卫,1/6层,朝阳区,孙河,康营小区B区,地铁：距15号线孙河站1500米
5480,52,147233-A,1室1卫,11/20层,丰台区,公益西桥,富卓苑,地铁：距4号线大兴线公益西桥站550米
3230,12,147499-B,3室1卫,2/24层,朝阳区,望京,世安家园,"地铁：距14号线东段,15号线望京站950米"
1740,11,149066-B,2室1卫,5/6层,通州区,通州北关,东潞苑,地铁：距6号线通州北关站2350米
3510,64,153782-A,1室1卫,9/12层,通州区,果园,旗舰凯旋一期,地铁：距八通线果园站1700米
1840,10,157147-C,3室1卫,4/6层,通州区,九棵树,葛布店南里,地铁：距八通线九棵树站300米
2200,10,14229-A,4室1卫,8/12层,通州区,果园,葵花社,地铁：距八通线果园站200米
2700,16,15663-C,3室1卫,5/6层,朝阳区,草房,连心园东区,地铁：距6号线草房站500米
3760,10,20221-A,2室1卫,6/6层,朝阳区,亮马桥,新源街,地铁：距10号线亮马桥站850米
1800,14,23789-C,3室1卫,5/6层,昌平区,昌平,建明里,地铁：距昌平线昌平站850米
2300,11,2447-A,3室1卫,4/6层,朝阳区,孙河,康营小区,地铁：距15号线孙河站1000米
4880,23,2715-D,5室1卫,19/26层,朝阳区,望京东,宝星园,地铁：距15号线望京东站550米
1450,10,27449-C,3室1卫,6/9层,房山区,良乡大学城西,瑞雪春堂,地铁：距房山线良乡大学城西站900米
2210,17,28486-B,2室1卫,4/5层,大兴区,黄村火车站,林校北里,地铁：距4号线大兴线黄村火车站站750米
,,,,,,,,
价格,面积,编号,户型,楼层,位置1,位置2,小区,地铁
2820,11,52998-C,3室1卫,8/24层,朝阳区,青年路,富华家园,地铁：距6号线青年路站950米
2980,16,55700-A,3室1卫,5/6层,丰台区,公益西桥,富卓苑,地铁：距4号线大兴线公益西桥站550米
2360,13,57806-C,4室1卫,5/6层,丰台区,四环路,宜兰园二区,地铁：距房山线四环路站1450米
2890,15,58809-C,3室1卫,1/6层,昌平区,回龙观,龙乡中区,地铁：距13号线回龙观站850米
1970,15,62361-C,3室1卫,18/26层,昌平区,昌平,新悦家园,地铁：距昌平线昌平站1200米
3470,15,75643-B,2室1卫,4/6层,海淀区,上地,小营西路23号院,地铁：距13号线上地站1200米
2360,9,1077-A,4室1卫,2/18层,朝阳区,肖村,中海城圣朝菲,地铁：距亦庄线肖村站600米
3520,19,11443-A,3室1卫,9/11层,朝阳区,四惠,通惠家园惠润园,"地铁：距1号线,八通线四惠站650米"
2980,16,130915-A,2室1卫,2/5层,朝阳区,传媒大学,定福庄西街,地铁：距八通线传媒大学站350米
1770,15,132544-A,3室1卫,1/6层,大兴区,黄村火车站,观音寺南里,地铁：距4号线大兴线黄村火车站站1500米
2540,9,131017-B,2室1卫,3/6层,丰台区,丰台南路,富丰园小区,地铁：距9号线丰台南路站1100米
4420,79,134282-A,2室1卫,3/6层,通州区,梨园,云景西里南区,地铁：距八通线梨园站850米
6760,86,136721-A,2室1卫,3/6层,海淀区,育新,沁春家园,地铁：距8号线育新站1050米
2960,12,143273-A,2室1卫,2/16层,丰台区,方庄,芳星园三区,地铁：距14号线东段方庄站650米
,,,,,,,,
2240,11,141303-A,3室1卫,1/6层,朝阳区,孙河,康营小区B区,地铁：距15号线孙河站1500米
5480,52,147233-A,1室1卫,11/20层,丰台区,公益西桥,富卓苑,地铁：距4号线大兴线公益西桥站550米
3230,12,147499-B,3室1卫,2/24层,朝阳区,望京,世安家园,"地铁：距14号线东段,15号线望京站950米"
1740,11,149066-B,2室1卫,5/6层,通州区,通州北关,东潞苑,地铁：距6号线通州北关站2350米
3510,64,153782-A,1室1卫,9/12层,通州区,果园,旗舰凯旋一期,地铁：距八通线果园站1700米
1840,10,157147-C,3室1卫,4/6层,通州区,九棵树,葛布店南里,地铁：距八通线九棵树站300米
2200,10,14229-A,4室1卫,8/12层,通州区,果园,葵花社,地铁：距八通线果园站200米
2700,16,15663-C,3室1卫,5/6层,朝阳区,草房,连心园东区,地铁：距6号线草房站500米
3760,10,20221-A,2室1卫,6/6层,朝阳区,亮马桥,新源街,地铁：距10号线亮马桥站850米
1800,14,23789-C,3室1卫,5/6层,昌平区,昌平,建明里,地铁：距昌平线昌平站850米
2300,11,2447-A,3室1卫,4/6层,朝阳区,孙河,康营小区,地铁：距15号线孙河站1000米
4880,23,2715-D,5室1卫,19/26层,朝阳区,望京东,宝星园,地铁：距15号线望京东站550米
1450,10,27449-C,3室1卫,6/9层,房山区,良乡大学城西,瑞雪春堂,地铁：距房山线良乡大学城西站900米
2210,17,28486-B,2室1卫,4/5层,大兴区,黄村火车站,林校北里,地铁：距4号线大兴线黄村火车站站750米
,,,,,,,,
1870,13,31875-C,3室1卫,2/6层,昌平区,沙河,民园小区,地铁：距昌平线沙河站1650米
1310,29,32001-C,4室2卫,5/5层,房山区,阎村,绿城百合公寓风荷苑,地铁：距燕房线阎村站850米
2780,12,33256-A,4室1卫,12/19层,昌平区,天通苑,天通苑西二区,地铁：距5号线天通苑站500米
2580,11,35867-A,2室1卫,1/15层,海淀区,永丰,友谊嘉园三期,地铁：距16号线永丰站2150米
2270,10,36856-A,2室1卫,1/6层,通州区,梨园,梨园西里,地铁：距八通线梨园站200米
1500,8,37615-B,4室1卫,33/33层,通州区,通运门,京贸家园,地铁：距6号线通运门站2650米
3410,18,42086-A,2室1卫,15/18层,丰台区,刘家窑,南三环中路15号院,地铁：距5号线刘家窑站350米
3460,26,42361-C,3室1卫,14/18层,丰台区,樊羊路,郭公庄幸福家园,地铁：距房山线樊羊路站400米
1840,14,35701-B,3室1卫,10/10层,通州区,通州北关,苏坨新村,地铁：距6号线通州北关站2800米
2620,8,45125-A,3室1卫,12/14层,海淀区,永丰南,永旺家园一区,地铁：距16号线永丰南站250米
3030,15,48547-A,2室1卫,2/5层,丰台区,纪家庙,郑王坟141号院,地铁：距10号线纪家庙站750米
1540,7,46239-B,2室1卫,1/6层,大兴区,天宫院,天堂河,地铁：距4号线大兴线天宫院站650米
1660,10,51834-B,3室1卫,5/6层,昌平区,昌平,雅馨家园,地铁：距昌平线昌平站550米
2460,9,51867-B,3室1卫,1/5层,丰台区,大红门,苗圃东里,"地铁：距8号线南段,10号线大红门站250米"
3700,20,51802-A,4室1卫,20/24层,西城区,广安门内,牛街18,地铁：距7号线广安门内站650米
1600,7,54642-B,2室1卫,5/6层,昌平区,昌平,安福苑,地铁：距昌平线昌平站900米
1440,8,57648-C,4室2卫,15/19层,房山区,良乡大学城,远洋新仕界,地铁：距房山线良乡大学城站400米
2880,11,57454-C,3室1卫,13/20层,朝阳区,立水桥南,北苑家园望春园,地铁：距5号线立水桥南站600米
2190,13,586-B,5室1卫,1/6层,昌平区,天通苑,天通苑北三区,地铁：距5号线天通苑站1700米
3290,65,62450-A,1室1卫,3/6层,昌平区,昌平,西环里,地铁：距昌平线昌平站1200米
1480,10,62764-A,3室1卫,2/6层,昌平区,昌平,西环里,地铁：距昌平线昌平站1200米
2110,9,64021-B,4室1卫,7/11层,顺义区,花梨坎,吉祥花园,地铁：距15号线花梨坎站450米
4270,11,64488-A,2室1卫,1/6层,海淀区,海淀黄庄,东南小区,地铁：距4号线大兴线中关村站800米
1410,12,73214-B,3室1卫,4/6层,房山区,广阳城,小西庄回迁楼,地铁：距房山线广阳城站1300米
2610,11,71945-A,2室1卫,10/21层,朝阳区,北岗子,坝鑫家园,"地铁：距12号线,平谷线北岗子站850米"
2010,14,72119-B,3室1卫,4/6层,通州区,北运河西,乔庄北区,地铁：距6号线北运河西站700米
1400,12,73566-B,4室1卫,8/9层,房山区,良乡大学城西,瑞雪春堂,地铁：距房山线良乡大学城西站900米
2880,19,690-D,4室2卫,2/3层,朝阳区,高碑店,美丽亚洲假日花园,地铁：距八通线高碑店站650米
1800,9,73885-A,3室1卫,16/18层,大兴区,黄村西大街,双河南里尚城,地铁：距4号线大兴线黄村西大街站1450米
3280,14,927-A,3室1卫,2/24层,海淀区,西二旗,融泽嘉园12号院,"地铁：距13号线,昌平线西二旗站1100米"
2620,9,117058-B,3室1卫,1/24层,朝阳区,高碑店,兴隆家园,地铁：距八通线高碑店站600米
2590,16,1001-F,6室2卫,6/7层,昌平区,天通苑,天通苑北三区,地铁：距5号线天通苑站1700米
4240,26,120872-B,4室1卫,8/18层,朝阳区,大郊亭,金海国际,地铁：距7号线大郊亭站400米
3050,13,120872-C,4室1卫,8/18层,朝阳区,大郊亭,金海国际,地铁：距7号线大郊亭站400米
2650,10,120872-D,4室1卫,8/18层,朝阳区,大郊亭,金海国际,地铁：距7号线大郊亭站400米
1380,9,123448-B,4室1卫,3/6层,房山区,良乡大学城西,阳光邑上,地铁：距房山线良乡大学城西站750米
3040,8,125953-A,3室1卫,4/6层,朝阳区,光熙门,光熙门北里,地铁：距13号线光熙门站350米
3640,18,125953-C,3室1卫,4/6层,朝阳区,光熙门,光熙门北里,地铁：距13号线光熙门站350米
1730,12,127846-A,3室1卫,5/6层,大兴区,黄村火车站,观音寺南里,地铁：距4号线大兴线黄村火车站站1500米
2870,9,129586-A,3室1卫,28/28层,朝阳区,北工大西门,周庄嘉园三期A区,地铁：距14号线东段北工大西门站1150米
1550,6,131178-B,3室1卫,4/5层,通州区,通州北关,北通集团家属楼,地铁：距6号线通州北关站1450米
1660,11,133349-B,2室1卫,5/6层,昌平区,昌平,东关北里小区,地铁：距昌平线昌平站1000米
1820,11,133718-A,3室1卫,2/6层,通州区,通州北关,东潞苑,地铁：距6号线通州北关站2350米
2880,16,135179-C,3室1卫,2/6层,朝阳区,黄渠,常营民族家园CDF区,地铁：距6号线黄渠站750米
2650,11,135369-D,4室1卫,16/18层,丰台区,刘家窑,芳群园四区,地铁：距5号线刘家窑站700米
3430,13,143233-A,4室1卫,2/8层,朝阳区,望京西,北京香颂,"地铁：距13号线,15号线望京西站550米"
3290,11,141834-B,3室1卫,4/6层,朝阳区,光熙门,西坝河北里,地铁：距13号线光熙门站500米
2540,9,145763-C,3室1卫,5/6层,海淀区,育新,常秀家园,地铁：距8号线育新站1450米
2180,13,146548-A,2室1卫,4/6层,通州区,北运河西,西上园三区,地铁：距6号线北运河西站900米
2330,18,146631-B,3室1卫,5/25层,大兴区,黄村西大街,兴政东里,地铁：距4号线大兴线黄村西大街站1000米
3970,18,147480-B,2室1卫,11/18层,朝阳区,金台路,红庙北里,"地铁：距6号线,14号线东段金台路站450米"
2050,13,147818-A,3室1卫,8/10层,丰台区,东高地,蓝天怡景,地铁：距8号线南段东高地站1450米
1840,12,153480-C,3室1卫,1/6层,通州区,梨园,云景西里南区,地铁：距八通线梨园站850米
3640,12,1559-C,3室1卫,22/28层,朝阳区,望京,望京新城,"地铁：距14号线东段,15号线望京站300米"
1300,11,17185-A,3室1卫,2/6层,房山区,良乡大学城西,阳光邑上,地铁：距房山线良乡大学城西站750米
1210,12,21603-C,4室1卫,6/6层,房山区,良乡大学城西,东关家园,地铁：距房山线良乡大学城西站1050米
2180,13,23822-B,3室1卫,3/6层,顺义区,国展,翠竹新村,地铁：距15号线国展站1800米
,,,,,,,,
1690,10,31979-B,3室1卫,6/10层,昌平区,南邵,兴昌佳苑,地铁：距昌平线南邵站1000米
2940,15,34696-B,6室2卫,6/6层,朝阳区,潘家园,松榆西里,地铁：距10号线潘家园站650米
1700,8,34993-B,4室1卫,6/29层,通州区,通运门,京贸家园,地铁：距6号线通运门站2650米
1840,10,42989-A,3室1卫,9/18层,丰台区,和义,大红门锦苑A区,地铁：距8号线南段和义站1400米
4630,31,3964-B,2室1卫,10/18层,朝阳区,潘家园,农光南里,地铁：距10号线潘家园站250米
1730,15,44070-C,4室1卫,3/11层,通州区,通州北关,刘庄新村,地铁：距6号线通州北关站2700米
1880,12,47887-A,3室1卫,17/23层,通州区,土桥,香溪家园,地铁：距八通线土桥站500米
2030,12,49607-D,4室1卫,13/18层,通州区,次渠南,次渠南里,地铁：距亦庄线次渠南站700米
4090,25,50278-B,4室1卫,7/33层,朝阳区,青年路,国美第一城西区,地铁：距6号线青年路站1250米
1680,7,52540-A,4室1卫,13/18层,顺义区,后沙峪,金地中央世家,地铁：距15号线后沙峪站2650米
3200,9,54258-A,3室1卫,14/18层,朝阳区,东大桥,东大桥路,"地铁：距6号线,17号线东大桥站500米"
1630,10,54265-B,3室1卫,7/18层,门头沟区,桥户营,惠康嘉园五区,地铁：距S1线桥户营站650米
3020,10,55255-D,4室1卫,22/22层,西城区,广安门内,南线里小区,地铁：距7号线广安门内站650米
2300,10,6093-A,4室1卫,6/6层,朝阳区,褡裢坡,定福庄北里1号院,地铁：距6号线褡裢坡站550米
3480,13,61062-C,3室1卫,17/28层,朝阳区,望京,望京新城,"地铁：距14号线东段,15号线望京站300米"
4560,50,65335-A,1室1卫,10/22层,石景山区,古城,古城现代嘉园,地铁：距1号线古城站1250米
2170,8,70093-B,2室1卫,2/5层,石景山区,古城,十万坪,地铁：距1号线古城站600米
3420,8,7360-B,4室1卫,4/13层,东城区,崇文门,国瑞城中区,"地铁：距2号线,5号线崇文门站550米"
2300,8,6926-C,3室1卫,3/16层,丰台区,新宫,德鑫嘉园三期,"地铁：距4号线大兴线,19号线新宫站850米"
2720,11,74247-D,4室1卫,13/18层,朝阳区,潘家园,潘家园东里,地铁：距10号线潘家园站700米
2360,14,71239-B,3室1卫,7/11层,朝阳区,孙河,康营小区6区,地铁：距15号线孙河站1050米
2490,10,79630-A,2室1卫,2/6层,朝阳区,传媒大学,定福庄西街,地铁：距八通线传媒大学站350米
3290,16,8360-C,3室1卫,2/6层,朝阳区,阜通,花家地西里,地铁：距14号线东段阜通站900米
1680,13,117389-B,3室1卫,2/14层,通州区,通州北关,李庄佳苑,地铁：距6号线通州北关站3400米
3420,44,120964-A,1室1卫,11/21层,昌平区,昌平,力天嘉苑,地铁：距昌平线昌平站750米
6050,45,132031-A,1室1卫,3/6层,海淀区,北沙滩,北沙滩4号院,地铁：距15号线北沙滩站400米
,,,,,,,,
4060,13,139072-B,2室1卫,3/6层,海淀区,白石桥南,车公庄西路16号院,"地铁：距6号线,9号线白石桥南站150米"
,,,,,,,,
,,,,,,,,
2860,9,144183-B,3室1卫,1/6层,昌平区,龙泽,龙泽苑西区,地铁：距13号线龙泽站200米
2790,19,144381-A,2室1卫,4/6层,通州区,九棵树,葛布店北里,地铁：距八通线九棵树站300米
1950,8,147912-A,3室1卫,1/6层,丰台区,大井,程庄路3号院,地铁：距14号线西段大井站1100米
1810,11,156691-C,3室1卫,4/6层,通州区,梨园,格兰晴天,地铁：距八通线梨园站750米
3710,26,157448-C,3室1卫,16/20层,昌平区,天通苑,天通苑西二区,地铁：距5号线天通苑站500米
2460,12,16054-B,3室1卫,10/10层,顺义区,花梨坎,吉祥花园,地铁：距15号线花梨坎站450米
,,,,,,,,
2660,12,18611-C,3室1卫,19/33层,朝阳区,北岗子,恒大华府,"地铁：距12号线,平谷线北岗子站700米"
2650,10,18595-B,2室1卫,6/6层,丰台区,海户屯,马公庄,地铁：距8号线南段海户屯站750米
5450,62,19014-A,2室1卫,3/6层,丰台区,海户屯,西罗园南里,地铁：距8号线南段海户屯站650米
2870,15,1938-B,3室1卫,5/6层,朝阳区,黄渠,常营民族家园N区,地铁：距6号线黄渠站400米
2720,14,21681-C,6室1卫,15/16层,昌平区,天通苑,天通苑北一区,地铁：距5号线天通苑站350米
2140,18,26641-A,2室1卫,6/6层,顺义区,顺义,建新南区,地铁：距15号线顺义站1050米
2440,10,2628-B,3室1卫,11/12层,通州区,物资学院路,新建村小区,地铁：距6号线物资学院路站550米
2200,10,28568-A,3室1卫,5/6层,朝阳区,孙河,康营小区A区,地铁：距15号线孙河站1650米
1610,15,31903-C,3室1卫,10/16层,房山区,篱笆房,加州水郡三期,地铁：距房山线篱笆房站2200米
3040,17,29393-B,2室1卫,3/6层,朝阳区,常营,连心园西区,地铁：距6号线常营站800米
2210,10,33010-B,3室1卫,19/22层,朝阳区,双合,建工双合家园,地铁：距7号线双合站350米
1310,8,33146-C,3室1卫,1/22层,房山区,阎村,天恒乐活城,地铁：距燕房线阎村站200米
2780,9,31934-C,3室1卫,15/28层,丰台区,六里桥,泰禾西府玉苑,"地铁：距10号线,14号线西段西局站950米"
5990,43,35739-A,1室1卫,13/13层,朝阳区,潘家园,潘家园东里,地铁：距10号线潘家园站700米
1910,10,38605-B,3室1卫,5/6层,通州区,果园,潞河中学北街,地铁：距八通线果园站650米
2810,12,38094-B,3室1卫,26/27层,朝阳区,北岗子,将府锦苑,地铁：距14号线东段将台站3550米
2500,11,41610-A,3室1卫,1/6层,通州区,物资学院路,新建村小区,地铁：距6号线物资学院路站550米
,,,,,,,,
2350,9,3925-A,3室1卫,7/29层,朝阳区,青年路,金隅泰和园,地铁：距6号线青年路站1250米
1260,9,42650-A,3室1卫,4/11层,房山区,良乡大学城,东羊庄新村,地铁：距房山线良乡大学城站1200米
3290,21,42861-B,4室1卫,5/6层,朝阳区,传媒大学,定福庄西街,地铁：距八通线传媒大学站350米
2430,16,45193-B,2室1卫,4/6层,通州区,梨园,葛布店东里,地铁：距八通线梨园站700米
2390,13,46645-B,4室1卫,2/4层,朝阳区,小红门,恋日绿岛,地铁：距亦庄线小红门站1600米
2010,9,48071-B,3室1卫,9/22层,通州区,次渠南,次渠家园东里6区,地铁：距亦庄线次渠南站700米
1890,14,42193-D,4室1卫,3/6层,通州区,通州北关,北通集团家属楼,地铁：距6号线通州北关站1450米
2910,15,45355-A,4室1卫,1/20层,朝阳区,褡裢坡,福盈家园2号院,地铁：距6号线褡裢坡站550米
1520,12,51338-A,4室1卫,6/15层,房山区,良乡南关,嘉瑞通小区,地铁：距房山线良乡南关站150米
6900,58,52348-A,1室1卫,11/21层,东城区,广渠门外,领行国际,"地铁：距7号线,17号线广渠门外站600米"
2400,26,56496-D,5室2卫,9/9层,通州区,果园,世纪星城,地铁：距八通线果园站950米
1410,12,58817-A,5室1卫,1/7层,房山区,良乡大学城西,伟业嘉园西里,地铁：距房山线良乡大学城西站1050米
1780,11,60379-C,4室1卫,11/25层,大兴区,黄村西大街,兴政东里,地铁：距4号线大兴线黄村西大街站1000米
1940,20,47731-D,4室2卫,5/6层,昌平区,天通苑北,名佳花园一区,地铁：距5号线天通苑北站2500米
2130,11,62004-B,3室1卫,4/14层,丰台区,四环路,银地家园,地铁：距房山线四环路站1450米
3210,7,559-A,3室1卫,5/6层,朝阳区,三元桥,静安里,"地铁：距10号线,12号线,机场线三元桥站900米"
2680,13,67664-A,5室1卫,2/22层,丰台区,方庄,紫芳园四区,地铁：距14号线东段方庄站500米
2520,11,75060-A,5室1卫,2/11层,丰台区,石榴庄,彩虹城三区,地铁：距10号线石榴庄站950米
1860,9,77342-B,6室2卫,3/29层,大兴区,天宫院,保利春天里二区,地铁：距4号线大兴线天宫院站150米
2740,16,117598-C,3室1卫,2/6层,丰台区,丽泽商务区,三路居99号院,"地铁：距7号线,16号线达官营站1850米"
2520,10,1089-B,5室2卫,6/15层,丰台区,石榴庄,彩虹城二区,地铁：距10号线石榴庄站900米
1330,12,132232-A,4室1卫,4/6层,房山区,广阳城,张家场周转房,地铁：距房山线广阳城站1200米
1870,8,134976-B,2室1卫,3/6层,大兴区,黄村西大街,兴政西里,地铁：距4号线大兴线黄村西大街站400米
4660,60,137926-A,2室1卫,5/7层,通州区,通州北苑,通惠北路小区,地铁：距八通线通州北苑站1300米
2330,14,139837-C,4室1卫,4/6层,顺义区,国展,天竺花园,地铁：距15号线国展站1300米
3860,11,131622-A,3室1卫,5/22层,朝阳区,大望路,盛世嘉园,"地铁：距1号线,14号线东段大望路站500米"
1680,12,140597-C,3室1卫,3/6层,通州区,北运河西,光讯花园,地铁：距6号线北运河西站1450米
2280,10,142296-B,4室1卫,10/11层,朝阳区,孙河,康营小区23区,地铁：距15号线孙河站1300米
10010,114,145010-A,2室1卫,4/18层,朝阳区,青年路,华纺易城西区,地铁：距6号线青年路站900米
1930,7,145201-B,3室1卫,12/20层,通州区,梨园,梨园北街191号院,地铁：距八通线梨园站300米
2480,10,144344-D,4室1卫,11/34层,昌平区,天通苑,天通苑西二区,地铁：距5号线天通苑站500米
2270,9,146548-B,2室1卫,4/6层,通州区,北运河西,西上园三区,地铁：距6号线北运河西站900米
2660,16,13330-A,3室1卫,1/6层,朝阳区,常营,连心园西区,地铁：距6号线常营站800米
2280,12,144554-A,2室1卫,3/6层,通州区,北运河西,柳岸景园,地铁：距6号线北运河西站1300米
2960,16,1328-B,4室1卫,6/18层,朝阳区,肖村,中海城圣朝菲,地铁：距亦庄线肖村站600米
9660,113,151113-A,2室1卫,11/26层,朝阳区,十里河,嘉多丽园,"地铁：距10号线,14号线东段,17号线十里河站250米"
3420,21,157448-B,3室1卫,16/20层,昌平区,天通苑,天通苑西二区,地铁：距5号线天通苑站500米
2000,11,17386-A,4室1卫,8/28层,大兴区,生物医药基地,住总正华多彩嘉园,地铁：距4号线大兴线生物医药基地站400米
2260,9,17641-B,2室1卫,4/16层,顺义区,花梨坎,枫泉花园,地铁：距15号线花梨坎站700米
,,,,,,,,
2830,13,2140-C,3室1卫,8/18层,昌平区,回龙观东大街,紫金新干线四期,地铁：距8号线回龙观东大街站1400米
2590,13,2149-A,3室1卫,12/17层,丰台区,新宫,德鑫嘉园三期,"地铁：距4号线大兴线,19号线新宫站850米"
2340,10,19266-B,3室1卫,16/21层,丰台区,樊羊路,花香东苑,地铁：距房山线樊羊路站450米
2220,11,22438-C,3室1卫,5/6层,通州区,通州北苑,新华西街131号院,地铁：距八通线通州北苑站400米
1840,10,23830-A,4室1卫,4/17层,通州区,经海路,首开国风美仑,地铁：距亦庄线经海路站2550米
3130,18,264-A,3室1卫,19/25层,丰台区,方庄,芳城园一区,地铁：距14号线东段方庄站550米
1510,20,24639-A,3室1卫,4/7层,房山区,良乡大学城西,伟业嘉园西里,地铁：距房山线良乡大学城西站1050米
1470,8,25289-A,4室1卫,11/20层,门头沟区,小园,保利首开四季怡园,地铁：距S1线小园站950米
2550,14,2555-B,3室1卫,2/6层,朝阳区,黄渠,常营民族家园CDF区,地铁：距6号线黄渠站750米
2600,11,2546-C,3室1卫,5/20层,朝阳区,双桥,金隅康惠园,地铁：距八通线双桥站600米
1960,10,28815-A,4室1卫,5/20层,通州区,物资学院路,新地国际家园,地铁：距6号线物资学院路站3000米
2950,12,2853-A,3室1卫,4/18层,朝阳区,星火,姚家园东里7号院,"地铁：距3号线,20号线星火站800米"
2020,7,31704-A,3室1卫,6/6层,丰台区,科怡路,富丰路8号院,地铁：距9号线科怡路站1500米
2000,7,32225-B,3室1卫,28/28层,朝阳区,小红门,鸿博家园二期D区,地铁：距亦庄线小红门站450米
2160,10,33538-C,3室1卫,11/16层,朝阳区,管庄,管庄新村,地铁：距八通线管庄站600米
1540,12,44070-A,4室1卫,3/11层,通州区,通州北关,刘庄新村,地铁：距6号线通州北关站2700米
1510,11,51671-D,4室1卫,4/6层,房山区,良乡大学城西,鸿顺园西区,地铁：距房山线良乡大学城西站350米
1890,10,55043-C,3室1卫,9/26层,通州区,高楼金,高楼金第,地铁：距7号线高楼金站250米
1650,12,56105-C,3室1卫,5/6层,通州区,通运门,新潮嘉园二期,地铁：距6号线通运门站4150米
1510,10,61926-C,3室1卫,6/11层,房山区,稻田,高四回迁楼,地铁：距房山线稻田站800米
1870,12,65708-A,3室1卫,16/18层,房山区,稻田,稻田回迁楼,地铁：距房山线稻田站250米
3220,14,6645-B,3室1卫,1/7层,朝阳区,望京,望京西园一区,"地铁：距14号线东段,15号线望京站850米"
3210,11,72795-B,2室1卫,2/6层,丰台区,六里桥东,太平桥小区,地铁：距9号线六里桥东站400米
2890,13,822-B,3室1卫,7/7层,丰台区,宋家庄,政馨园三区,"地铁：距5号线,10号线,亦庄线宋家庄站300米"
2450,18,125156-B,4室1卫,16/21层,丰台区,樊羊路,天伦锦城,地铁：距房山线樊羊路站1700米
4670,18,129153-B,2室1卫,5/6层,海淀区,魏公村,大慧寺6号院,地铁：距4号线大兴线魏公村站800米
2300,15,136781-A,3室1卫,1/6层,昌平区,天通苑东,天通苑东二区,地铁：距17号线天通苑东站650米
2550,11,142955-A,4室1卫,10/29层,朝阳区,管庄,北京新天地,地铁：距八通线管庄站750米
4270,19,143207-A,2室1卫,13/13层,西城区,积水潭,文慧园北路甲26号,"地铁：距2号线,19号线积水潭站900米"
3060,16,144937-C,4室2卫,11/11层,朝阳区,南楼梓庄,紫南家园（北区）,地铁：距7号线南楼梓庄站300米
2420,10,13095-C,3室1卫,1/19层,朝阳区,星火,姚家园东里8号院,"地铁：距3号线,20号线星火站800米"
2740,8,147328-B,2室1卫,4/25层,石景山区,金安桥,金铸阳光苑,"地铁：距6号线,S1线金安桥站500米"
2190,25,150821-C,3室1卫,1/6层,大兴区,黄村西大街,黄村西里,地铁：距4号线大兴线黄村西大街站500米
2740,9,13642-A,3室1卫,28/29层,丰台区,宋家庄,鲁能榴景秀苑,"地铁：距5号线,10号线,亦庄线宋家庄站550米"
2750,10,15740-B,4室1卫,5/10层,海淀区,田村,乐府江南,地铁：距6号线海淀五路居站1300米
2120,11,17337-B,3室1卫,2/28层,大兴区,生物医药基地,住总正华多彩嘉园,地铁：距4号线大兴线生物医药基地站400米
4030,9,17628-B,2室1卫,5/5层,海淀区,五道口,中关村三才堂,地铁：距13号线五道口站600米
2880,18,15789-A,3室1卫,22/22层,朝阳区,双合,建工双合家园,地铁：距7号线双合站350米
2370,8,2140-B,3室1卫,8/18层,昌平区,回龙观东大街,紫金新干线四期,地铁：距8号线回龙观东大街站1400米
1620,11,21905-D,4室1卫,3/18层,顺义区,顺义,石园北区,地铁：距15号线顺义站1950米
3280,10,23881-B,4室1卫,6/25层,朝阳区,呼家楼,向军南里,"地铁：距6号线,10号线呼家楼站250米"
2420,17,28988-B,2室1卫,5/5层,顺义区,顺义,建新北区,地铁：距15号线顺义站700米
2130,10,2879-A,3室1卫,16/28层,通州区,物资学院路,新建村小区,地铁：距6号线物资学院路站550米
3660,18,29048-B,4室1卫,9/11层,丰台区,首经贸,万年花城二期,"地铁：距10号线,房山线首经贸站350米"
2440,13,30156-B,4室1卫,10/12层,朝阳区,小红门,燕归宁馨园,地铁：距亦庄线小红门站1200米
1110,7,32303-A,5室1卫,3/19层,房山区,广阳城,北京城建国誉府,地铁：距房山线广阳城站1200米
3280,23,3290-D,4室1卫,4/18层,朝阳区,北工大西门,双龙南里,地铁：距14号线东段北工大西门站450米
1860,15,33166-C,4室1卫,2/8层,房山区,良乡大学城北,金地朗悦悦园,地铁：距房山线良乡大学城北站950米
1690,9,27838-D,4室1卫,2/15层,朝阳区,东坝中街,金驹家园,地铁：距6号线褡裢坡站4200米
1320,8,39386-A,6室2卫,6/6层,顺义区,石门,澜西园,地铁：距15号线石门站2200米
2740,14,39487-B,4室1卫,14/15层,大兴区,万源街,鹿鸣苑,地铁：距亦庄线万源街站550米
2140,11,38079-A,3室1卫,2/5层,大兴区,高米店北,郁花园二里,地铁：距4号线大兴线高米店北站200米
3840,48,41743-A,1室1卫,18/21层,丰台区,张郭庄,红山郡,地铁：距14号线西段张郭庄站1750米
1320,14,42154-A,3室1卫,15/18层,房山区,阎村,天恒乐活城,地铁：距燕房线阎村站200米
,,,,,,,,
2240,15,50842-D,5室1卫,4/6层,大兴区,枣园,那尔水晶城,地铁：距4号线大兴线枣园站650米
3240,21,52034-A,2室1卫,5/16层,石景山区,古城,古城南里,地铁：距1号线古城站100米
1960,6,5302-B,3室1卫,20/23层,朝阳区,双桥,金隅康惠园,地铁：距八通线双桥站600米
2530,9,55447-A,3室1卫,2/6层,丰台区,北京南站,马家堡路8号院,"地铁：距4号线大兴线,14号线东段北京南站站600米"
1880,10,57791-C,3室1卫,1/6层,顺义区,花梨坎,三山新新家园,地铁：距15号线花梨坎站2100米
1900,8,58465-A,2室1卫,3/7层,通州区,梨园,公庄小区,地铁：距八通线梨园站1200米
3980,19,59349-A,2室1卫,14/14层,朝阳区,金台路,延静西里,"地铁：距6号线,14号线东段金台路站450米"
2840,11,69671-C,3室1卫,2/27层,朝阳区,常营,北辰福第中区,地铁：距6号线常营站450米
1530,8,61593-B,4室1卫,11/15层,房山区,长阳,馨然嘉园三区,地铁：距房山线长阳站1000米
2830,17,70170-B,3室1卫,4/6层,石景山区,八角游乐园,老山西里,地铁：距1号线八角游乐园站500米
4840,48,8087-A,1室1卫,6/23层,朝阳区,草房,北京像素,地铁：距6号线草房站300米
2700,8,80776-B,3室1卫,4/22层,朝阳区,东风北桥,驼房营南里,"地铁：距14号线东段,平谷线东风北桥站1450米"
3110,11,9386-B,3室1卫,8/25层,朝阳区,阜通,方舟苑,地铁：距14号线东段阜通站1500米
3700,17,9386-C,3室1卫,8/25层,朝阳区,阜通,方舟苑,地铁：距14号线东段阜通站1500米
2830,16,118883-B,3室1卫,5/7层,朝阳区,成寿寺,嘉和人家,地铁：距10号线成寿寺站750米
1340,11,119110-C,3室1卫,3/10层,房山区,良乡大学城,东羊庄新村,地铁：距房山线良乡大学城站1200米
3620,16,121336-A,2室1卫,12/25层,丰台区,蒲黄榆,芳古园一区,"地铁：距5号线,14号线东段蒲黄榆站350米"
3080,16,124860-B,2室1卫,8/12层,石景山区,八角游乐园,久筑物业,地铁：距1号线玉泉路站2600米
2760,12,11207-B,3室1卫,25/28层,通州区,物资学院路,新建村小区,地铁：距6号线物资学院路站550米
3140,9,130344-A,3室1卫,7/8层,海淀区,西二旗,燕尚园,"地铁：距13号线,昌平线西二旗站750米"
3250,19,11937-B,3室1卫,4/6层,朝阳区,星火,姚家园西里3号院,"地铁：距3号线,20号线星火站350米"
4300,20,135510-A,2室1卫,2/6层,朝阳区,安立路,慧忠里,地铁：距15号线安立路站700米
2990,21,140653-A,2室1卫,1/6层,丰台区,科怡路,保温段住宅小区,地铁：距9号线科怡路站1550米
2240,15,143679-A,3室1卫,9/12层,通州区,土桥,金隅花石匠,地铁：距八通线土桥站1100米
2890,20,12973-D,5室1卫,3/9层,顺义区,国展,翠竹新村,地铁：距15号线国展站1800米
2820,10,145752-B,2室1卫,6/12层,通州区,物资学院路,新建村小区,地铁：距6号线物资学院路站550米
3220,11,146202-A,2室1卫,4/6层,朝阳区,劲松,劲松七区,地铁：距10号线劲松站1150米
6900,97,146720-A,2室1卫,1/6层,丰台区,大红门,建欣苑三里,"地铁：距8号线南段,10号线大红门站500米"
2460,9,147639-B,3室1卫,14/24层,丰台区,科怡路,南极星,地铁：距9号线科怡路站650米
2630,11,147585-B,3室1卫,25/27层,石景山区,古城,长安家园,地铁：距1号线古城站300米
3550,18,147604-B,2室1卫,3/6层,丰台区,马家堡,翠林二里,地铁：距4号线大兴线马家堡站750米
2330,8,154675-B,3室1卫,3/6层,昌平区,回龙观东大街,霍营小区,地铁：距8号线回龙观东大街站850米
2470,10,14761-B,3室1卫,13/27层,朝阳区,褡裢坡,泰福苑二区,地铁：距6号线褡裢坡站700米
2440,13,16397-C,3室1卫,3/16层,丰台区,新宫,公园懿府,"地铁：距4号线大兴线,19号线新宫站2400米"
2890,17,21324-A,2室1卫,2/6层,朝阳区,常营,连心园西区,地铁：距6号线常营站800米
2440,13,20032-A,3室1卫,2/24层,丰台区,樊羊路,花香东苑,地铁：距房山线樊羊路站450米
2740,8,263-E,6室2卫,1/6层,朝阳区,惠新西街北口,惠新西街小区,地铁：距5号线惠新西街北口站350米
2470,9,2264-B,4室1卫,18/18层,昌平区,回龙观东大街,紫金新干线四期,地铁：距8号线回龙观东大街站1400米
1750,11,21215-A,5室1卫,2/13层,顺义区,南法信,焦各庄街2号院,地铁：距15号线南法信站950米
2410,13,35370-B,3室1卫,17/19层,昌平区,朱辛庄,TBD万科天地,"地铁：距昌平线,8号线朱辛庄站200米"
2230,17,35737-B,2室1卫,4/6层,顺义区,顺义,石园西区,地铁：距15号线顺义站2300米
2460,10,35116-B,3室1卫,13/15层,海淀区,永丰,友谊嘉园三期,地铁：距16号线永丰站2150米
2520,17,3557-D,6室2卫,6/6层,朝阳区,星火,姚家园西里5号院,"地铁：距3号线,20号线星火站600米"
2020,8,37781-B,3室1卫,8/25层,大兴区,亦庄桥,南海雅苑北区,地铁：距亦庄线荣京东街站2850米
2700,17,42665-B,2室1卫,4/4层,昌平区,龙泽,二拨子新村东区,地铁：距13号线龙泽站1750米
2670,11,43520-C,3室1卫,13/26层,丰台区,方庄,芳城园一区,地铁：距14号线东段方庄站550米
3020,18,48376-B,4室1卫,7/27层,丰台区,方庄,芳城园一区,地铁：距14号线东段方庄站550米
2160,14,48147-D,4室1卫,1/6层,大兴区,万源街,小康家园,地铁：距亦庄线万源街站2350米
2570,14,51256-C,3室1卫,1/16层,丰台区,新宫,德鑫嘉园二期,"地铁：距4号线大兴线,19号线新宫站700米"
3350,7,59276-D,4室1卫,3/34层,朝阳区,大望路,阳光100,"地铁：距1号线,14号线东段大望路站400米"
2690,11,61310-B,3室1卫,16/22层,朝阳区,青年路,丽景馨居,地铁：距6号线青年路站800米
1580,10,64212-A,3室1卫,4/6层,通州区,北运河西,玉桥东路30号院,地铁：距6号线北运河西站950米
3290,20,70760-A,2室1卫,4/6层,朝阳区,立水桥,立水桥甲2号地质大院,"地铁：距13号线,5号线立水桥站600米"
1650,16,73788-C,3室1卫,2/14层,房山区,篱笆房,加州水郡三期,地铁：距房山线篱笆房站2200米
3140,13,74804-B,4室1卫,9/21层,朝阳区,红庙,延静里中街,"地铁：距6号线,14号线东段金台路站800米"
1640,8,77732-D,4室1卫,8/11层,通州区,通运门,京贸家园,地铁：距6号线通运门站2650米
2540,16,79830-A,2室1卫,4/6层,石景山区,金安桥,模式口西里,"地铁：距1号线,6号线苹果园站2200米"
2630,12,9179-A,3室1卫,14/22层,朝阳区,褡裢坡,定福家园北里,地铁：距6号线褡裢坡站200米
2430,6,117355-C,3室1卫,3/6层,海淀区,海淀五路居,永金里小区,地铁：距6号线海淀五路居站1300米
4350,19,10652-C,3室1卫,5/33层,朝阳区,四惠,东恒时代一期,"地铁：距1号线,八通线四惠站150米"
2780,16,125053-A,4室1卫,5/6层,海淀区,田村,玉海园三里,地铁：距6号线田村站1200米
2540,12,11131-C,3室1卫,5/5层,朝阳区,黄渠,常营民族家园CDF区,地铁：距6号线黄渠站750米
2860,8,129023-C,3室1卫,3/6层,海淀区,五棵松,永定路西里,地铁：距1号线玉泉路站900米
3210,15,133960-D,4室1卫,3/6层,朝阳区,高碑店,兴隆家园,地铁：距八通线高碑店站600米
,,,,,,,,
2730,17,140177-B,3室1卫,3/6层,丰台区,丰台东大街,北大地三里,地铁：距9号线丰台东大街站1000米
2400,9,144697-C,3室1卫,3/25层,朝阳区,焦化厂,燕保祈东家园二期,地铁：距7号线焦化厂站400米
3500,15,146202-B,2室1卫,4/6层,朝阳区,劲松,劲松七区,地铁：距10号线劲松站1150米
2640,12,13721-C,4室1卫,4/6层,昌平区,回龙观,金榜园,地铁：距13号线回龙观站1200米
2050,12,154414-C,3室0卫,5/8层,通州区,梨园,柳岸方园,地铁：距八通线梨园站950米
3110,15,18204-B,3室1卫,6/18层,朝阳区,化工,官悦欣园B区,地铁：距7号线化工站700米
2570,23,19604-D,4室1卫,6/16层,顺义区,顺义,石园南区,地铁：距15号线顺义站2600米
2980,12,22836-C,3室1卫,4/6层,朝阳区,星火,姚家园西里5号院,"地铁：距3号线,20号线星火站600米"
3630,16,23312-A,3室1卫,4/6层,朝阳区,望京,南湖中园小区,"地铁：距14号线东段,15号线望京站700米"
,,,,,,,,
2400,14,24013-C,4室1卫,3/15层,朝阳区,东坝中街,金驹家园,地铁：距6号线褡裢坡站4200米
,,,,,,,,
2990,16,17969-B,3室1卫,2/6层,朝阳区,立水桥南,佳运园一期,"地铁：距13号线,5号线立水桥站1250米"
2200,18,29168-A,3室1卫,2/6层,通州区,通州北关,东潞苑,地铁：距6号线通州北关站2350米
1960,11,30392-B,3室1卫,18/22层,通州区,万盛西,大方居,地铁：距7号线万盛西站1350米
2590,8,28123-C,4室1卫,12/28层,昌平区,龙泽,回龙观新村东区,"地铁：距13号线,昌平线西二旗站1250米"
1890,12,33781-C,3室1卫,5/19层,通州区,物资学院路,金地格林格林,地铁：距6号线物资学院路站2950米
2490,13,3120-B,3室1卫,1/8层,朝阳区,孙河,康营小区,地铁：距15号线孙河站1000米
2560,11,37976-B,2室1卫,4/5层,朝阳区,褡裢坡,定福庄北里2号院,地铁：距6号线褡裢坡站750米
3200,15,388-A,3室1卫,23/30层,昌平区,龙泽,融泽嘉园2号院,"地铁：距13号线,昌平线西二旗站1750米"
2900,13,39324-B,3室1卫,21/26层,朝阳区,常营,保利嘉园3号院,地铁：距6号线常营站800米
2400,9,40510-A,3室1卫,1/6层,朝阳区,褡裢坡,三间房西里,地铁：距6号线褡裢坡站800米
2350,12,44810-B,2室1卫,1/15层,顺义区,花梨坎,枫泉花园,地铁：距15号线花梨坎站700米
3180,23,4233-A,3室1卫,5/5层,朝阳区,黄渠,常营民族家园B区,地铁：距6号线黄渠站800米
1980,10,46784-B,3室1卫,4/6层,大兴区,旧宫,清欣园甲区,地铁：距亦庄线旧宫站1600米
2470,9,48143-A,3室1卫,18/20层,朝阳区,褡裢坡,福盈家园3号院,地铁：距6号线褡裢坡站450米
1710,13,47765-A,2室1卫,5/6层,昌平区,昌平,鼓楼北街3号院,地铁：距昌平线昌平站800米
2790,11,48547-B,2室1卫,2/5层,丰台区,纪家庙,郑王坟141号院,地铁：距10号线纪家庙站750米
2890,13,50265-C,3室1卫,12/22层,丰台区,泥洼,盛鑫嘉园,地铁：距10号线泥洼站50米
3040,9,51878-C,4室1卫,16/28层,朝阳区,望京,望京西园一区,"地铁：距14号线东段,15号线望京站850米"
,,,,,,,,
2040,11,60942-B,3室1卫,14/26层,通州区,果园,通广嘉园,地铁：距八通线果园站1450米
2400,9,61693-B,3室1卫,13/16层,丰台区,菜户营,鹏润家园,地铁：距7号线广安门内站2400米
2580,12,6318-D,4室1卫,15/19层,朝阳区,成寿寺,静馨嘉苑,地铁：距10号线成寿寺站400米
2560,12,67404-B,3室1卫,21/28层,通州区,物资学院路,新建村二期,地铁：距6号线物资学院路站550米
4860,27,69886-A,1室1卫,8/23层,丰台区,蒲黄榆,gogo新世代,"地铁：距5号线,14号线东段蒲黄榆站100米"
1750,12,73622-B,3室1卫,1/6层,通州区,万盛东,群芳三园,地铁：距7号线万盛东站1100米
2900,15,75324-D,4室1卫,3/6层,丰台区,科怡路,怡海花园恒丰园,地铁：距9号线科怡路站550米
2080,11,79456-D,4室1卫,1/5层,大兴区,高米店南,兴涛社区,地铁：距4号线大兴线高米店南站600米
3810,25,9584-B,4室1卫,7/11层,丰台区,角门西,瑞丽江畔,"地铁：距10号线,4号线大兴线角门西站350米"
2390,9,9576-B,3室1卫,5/20层,朝阳区,成寿寺,方庄南路18号院,地铁：距10号线成寿寺站700米
2100,8,121988-C,4室1卫,11/22层,朝阳区,双合,建工双合家园,地铁：距7号线双合站350米
2640,15,1020-C,4室2卫,1/20层,昌平区,天通苑南,天通苑西一区,地铁：距5号线天通苑南站150米
1400,10,125395-B,4室1卫,2/9层,房山区,良乡大学城北,金地朗悦悦园,地铁：距房山线良乡大学城北站950米
1850,13,11042-A,4室1卫,1/6层,顺义区,石门,前进花园玉兰苑,地铁：距15号线石门站650米
2950,21,138066-C,3室1卫,2/6层,丰台区,丰台站,汇丰家园,"地铁：距10号线,16号线丰台站站650米"
3040,12,138811-A,3室1卫,20/22层,海淀区,永泰庄,清景园,地铁：距8号线永泰庄站850米
2780,16,143810-C,4室1卫,5/8层,昌平区,天通苑,天通苑北一区,地铁：距5号线天通苑站350米
3900,17,141834-A,3室1卫,4/6层,朝阳区,光熙门,西坝河北里,地铁：距13号线光熙门站500米
2610,12,145138-B,2室1卫,3/6层,石景山区,古城,古城北路,地铁：距1号线古城站1150米
2040,11,141105-C,3室1卫,13/16层,丰台区,东高地,益丰园,地铁：距8号线南段东高地站750米
1670,14,140805-A,3室1卫,4/6层,通州区,通州北关,东潞苑,地铁：距6号线通州北关站2350米
1900,9,149883-A,2室1卫,5/6层,通州区,北运河西,玉桥中路甲2号院,地铁：距6号线北运河西站850米
8590,96,152158-A,2室1卫,27/30层,朝阳区,青年路,国美第一城3号院,地铁：距6号线青年路站1200米
2320,14,153698-D,4室1卫,17/25层,石景山区,杨庄,海特花园小区,"地铁：距1号线,6号线苹果园站1400米"
1740,12,153850-D,4室2卫,2/6层,顺义区,顺义,双兴南区,地铁：距15号线顺义站1000米
1980,8,156972-B,3室1卫,17/18层,大兴区,荣昌东街,南海家园三里,地铁：距亦庄线荣昌东街站3150米
2330,12,157760-C,3室1卫,17/25层,大兴区,西红门,鸿坤理想城八期,地铁：距4号线大兴线西红门站1250米
3350,20,1598-E,5室1卫,8/28层,朝阳区,青年路,甘露家园,地铁：距6号线青年路站700米
3650,12,16585-A,2室1卫,7/16层,西城区,车公庄西,扣钟北里,地铁：距6号线车公庄西站600米
1660,9,18690-A,4室1卫,5/20层,昌平区,天通苑北,龙冠冠华苑一区,地铁：距5号线天通苑北站3950米
2260,15,20943-B,3室1卫,4/11层,通州区,梨园,梨园新村,地铁：距八通线梨园站550米
2540,16,21949-B,3室1卫,2/6层,朝阳区,常营,连心园西区,地铁：距6号线常营站800米
7300,63,24643-A,2室1卫,5/6层,朝阳区,金台路,甜水园街,"地铁：距6号线,14号线东段金台路站500米"
3860,28,2384-E,5室2卫,15/26层,朝阳区,黄渠,柏林爱乐二期,地铁：距6号线黄渠站850米
2430,13,27975-B,3室1卫,1/14层,海淀区,北安河,安河家园四里,地铁：距16号线北安河站550米
2480,16,25040-A,3室1卫,1/6层,朝阳区,常营,连心园西区,地铁：距6号线常营站800米
1700,18,29375-C,4室1卫,7/21层,房山区,马各庄,中冶蓝城,地铁：距燕房线马各庄站500米
1570,9,30798-C,3室1卫,4/6层,顺义区,顺义,双兴东区,地铁：距15号线顺义站900米
1440,10,32545-A,4室1卫,5/6层,房山区,篱笆房,碧桂园温泉小区C区,地铁：距房山线篱笆房站1500米
2070,16,32632-A,3室1卫,6/6层,顺义区,顺义,东兴一区,地铁：距15号线顺义站400米
3040,14,33070-B,3室1卫,5/9层,朝阳区,双桥,金隅康惠园,地铁：距八通线双桥站600米
1830,13,33303-A,2室1卫,6/6层,顺义区,石门,澜西园,地铁：距15号线石门站2200米
1510,11,31449-C,5室1卫,14/15层,房山区,良乡大学城西,鸿顺园东区,地铁：距房山线良乡大学城西站350米
2280,13,33601-C,3室1卫,5/6层,丰台区,丰台东大街,东安街头条,地铁：距9号线丰台东大街站1400米
3570,23,35192-A,3室1卫,13/23层,海淀区,育新,上奥世纪,地铁：距8号线育新站1500米
2230,9,34587-B,4室1卫,8/15层,海淀区,永丰,友谊嘉园三期,地铁：距16号线永丰站2150米
3190,14,367-A,5室2卫,2/28层,朝阳区,关庄,嘉铭园B区,地铁：距15号线关庄站450米
2730,10,3512-B,3室1卫,17/20层,朝阳区,北苑路北,来北家园,地铁：距5号线北苑路北站1350米
1110,11,38482-A,3室1卫,5/6层,房山区,星城,燕化星城建德四里,地铁：距燕房线星城站300米
2330,16,39016-A,2室1卫,11/11层,通州区,通州北关,苏坨新村,地铁：距6号线通州北关站2800米
3040,9,3707-C,3室1卫,19/28层,朝阳区,劲松,华腾园,地铁：距10号线劲松站450米
2860,17,40016-A,2室1卫,3/5层,朝阳区,传媒大学,电建北院,地铁：距八通线传媒大学站750米
2200,11,3815-D,4室1卫,4/6层,朝阳区,双桥,双惠苑,地铁：距八通线双桥站500米
2280,8,37204-C,3室1卫,4/15层,大兴区,万源街,鹿鸣苑,地铁：距亦庄线万源街站550米
1480,9,41878-C,4室1卫,7/16层,顺义区,顺义,石园北区,地铁：距15号线顺义站1950米
,,,,,,,,
1960,8,43627-C,3室1卫,15/21层,昌平区,天通苑北,龙冠冠华苑四区,地铁：距5号线天通苑北站3750米
2630,11,45436-A,3室1卫,4/6层,丰台区,纪家庙,万柳西园,地铁：距10号线纪家庙站850米
3290,10,47456-A,5室1卫,1/5层,海淀区,西二旗,领秀新硅谷,"地铁：距13号线,昌平线西二旗站700米"
4380,19,47863-A,2室1卫,3/18层,朝阳区,阜通,花家地北里,地铁：距14号线东段阜通站850米
2630,11,50236-A,2室1卫,5/6层,西城区,陶然亭,右安门内西街甲10号院,地铁：距4号线大兴线陶然亭站1450米
7060,59,51108-A,1室1卫,25/28层,朝阳区,望京,望京西园一区,"地铁：距14号线东段,15号线望京站850米"
2160,16,52111-C,4室1卫,7/13层,顺义区,花梨坎,天裕昕园西区,地铁：距15号线花梨坎站2750米
3070,10,52083-C,3室1卫,22/24层,朝阳区,劲松,农光里,地铁：距10号线劲松站350米
1810,11,58055-C,3室1卫,12/18层,通州区,通运门,京贸家园,地铁：距6号线通运门站2650米
5870,52,58244-A,1室1卫,1/6层,朝阳区,潘家园,华威西里,地铁：距10号线潘家园站650米
1830,10,59105-A,3室1卫,5/6层,通州区,通运门,新华东街,地铁：距6号线通运门站950米
2630,11,59416-A,3室1卫,4/6层,通州区,物资学院路,新建村小区,地铁：距6号线物资学院路站550米
2440,13,5982-A,3室1卫,3/6层,朝阳区,星火,姚家园西里5号院,"地铁：距3号线,20号线星火站600米"
2740,17,63301-C,3室1卫,10/20层,石景山区,八角游乐园,八角南里,地铁：距1号线八角游乐园站800米
3140,10,64046-C,3室1卫,12/18层,朝阳区,和平西桥,和平街西苑,地铁：距5号线和平西桥站300米
2660,13,6426-B,3室1卫,4/32层,丰台区,丽泽商务区,万泉盛景园,地铁：距10号线纪家庙站1400米
1340,8,68881-B,4室1卫,5/13层,房山区,广阳城,绿地新都会,地铁：距房山线广阳城站2050米
1600,11,68847-B,3室1卫,10/18层,顺义区,顺义,石园北区,地铁：距15号线顺义站1950米
2530,9,70318-D,4室1卫,14/14层,丰台区,丰台站,三环新城8号院,"地铁：距10号线,16号线丰台站站200米"
2430,10,6838-C,5室1卫,6/6层,朝阳区,黄渠,常营民族家园CDF区,地铁：距6号线黄渠站750米
1390,14,73482-A,4室1卫,11/12层,房山区,篱笆房,加州水郡四期,地铁：距房山线篱笆房站2550米
2740,23,71808-C,5室1卫,3/4层,昌平区,朱辛庄,豆各庄新村,"地铁：距昌平线,8号线朱辛庄站1350米"
2540,12,74016-B,3室1卫,5/6层,昌平区,回龙观,龙博苑二区,地铁：距13号线回龙观站350米
1990,13,77965-C,3室1卫,4/6层,通州区,次渠,华馨园,"地铁：距亦庄线,17号线次渠站650米"
3100,15,9576-C,3室1卫,5/20层,朝阳区,成寿寺,方庄南路18号院,地铁：距10号线成寿寺站700米
3310,15,50930-C,3室1卫,14/19层,朝阳区,潘家园,华威北里,地铁：距10号线潘家园站350米
2760,10,940-A,3室1卫,4/6层,朝阳区,潘家园,潘家园南里,地铁：距10号线潘家园站950米
3490,22,119440-B,4室1卫,9/24层,丰台区,西局,丽泽雅园,"地铁：距10号线,14号线西段西局站1700米"
2580,11,79782-C,3室1卫,15/18层,丰台区,刘家窑,南三环中路15号院,地铁：距5号线刘家窑站350米
2520,12,121148-D,4室1卫,3/7层,昌平区,龙泽,天露园二区,地铁：距13号线龙泽站1100米
2280,15,124741-A,4室1卫,7/27层,通州区,次渠南,次渠家园东里6区,地铁：距亦庄线次渠南站700米
5450,55,128161-A,1室1卫,25/26层,朝阳区,欢乐谷景区,金蝉南里,地铁：距7号线欢乐谷景区站500米
1650,7,128768-B,4室1卫,5/8层,大兴区,清源路,兴华园,地铁：距4号线大兴线清源路站600米
1710,7,129086-A,3室1卫,4/6层,通州区,同济南路,新海北里,地铁：距亦庄线同济南路站1700米
1660,14,129455-C,4室1卫,4/6层,房山区,良乡大学城西,鸿顺园西区,地铁：距房山线良乡大学城西站350米
2020,16,129373-C,4室1卫,11/18层,顺义区,花梨坎,天裕昕园西区,地铁：距15号线花梨坎站2750米
3030,13,11344-C,3室1卫,13/16层,丰台区,角门西,马家堡西路26号院,"地铁：距10号线,4号线大兴线角门西站500米"
2120,8,137515-C,3室1卫,14/18层,丰台区,大井,彩虹嘉园,地铁：距14号线西段大井站800米
2450,12,140177-C,3室1卫,3/6层,丰台区,丰台东大街,北大地三里,地铁：距9号线丰台东大街站1000米
4980,96,146129-A,2室1卫,3/5层,通州区,梨园,站前巴黎,地铁：距八通线梨园站800米
2240,14,146754-A,3室1卫,4/12层,通州区,北运河西,加华印象街,地铁：距6号线北运河西站1250米
1720,8,134598-A,5室2卫,3/27层,大兴区,天宫院,保利春天里二区,地铁：距4号线大兴线天宫院站150米
11530,79,149907-A,2室1卫,11/28层,朝阳区,双井,首城国际,"地铁：距7号线,10号线双井站750米"
3340,17,143443-B,3室1卫,1/6层,海淀区,农大南路,万树园,地铁：距16号线农大南路站850米
4070,24,152289-A,1室1卫,31/31层,西城区,达官营,荣丰2008,"地铁：距7号线,16号线达官营站450米"
4110,18,154020-B,2室1卫,11/11层,朝阳区,团结湖,团结湖北二条,"地铁：距3号线,10号线团结湖站300米"
2040,10,14869-B,3室1卫,6/15层,顺义区,石门,当代北辰悦moma,地铁：距15号线石门站850米
2100,13,14949-A,2室1卫,5/5层,朝阳区,常营,管庄东里,地铁：距6号线常营站700米
3730,14,16873-B,4室1卫,23/29层,朝阳区,朝阳公园,丽水嘉园,"地铁：距3号线,14号线东段朝阳公园站400米"
2300,10,18181-B,3室1卫,8/16层,顺义区,花梨坎,枫泉花园,地铁：距15号线花梨坎站700米
2830,12,19169-C,3室1卫,14/19层,朝阳区,星火,姚家园东里7号院,"地铁：距3号线,20号线星火站800米"
2640,16,17842-A,3室1卫,6/6层,朝阳区,草房,连心园东区,地铁：距6号线草房站500米
2060,8,20224-C,3室1卫,5/6层,朝阳区,传媒大学,定福庄西街,地铁：距八通线传媒大学站350米
1260,7,20299-A,4室1卫,5/5层,通州区,通州北关,刘庄新村,地铁：距6号线通州北关站2700米
2220,9,19347-A,4室1卫,20/26层,丰台区,樊羊路,首开华润城,地铁：距房山线樊羊路站200米
2500,13,2034-E,5室2卫,6/6层,朝阳区,星火,姚家园西里3号院,"地铁：距3号线,20号线星火站350米"
2280,11,21797-B,3室1卫,9/18层,朝阳区,管庄,管庄新村,地铁：距八通线管庄站600米
6200,47,21393-A,1室1卫,3/20层,朝阳区,大郊亭,后现代城,地铁：距7号线大郊亭站650米
2180,18,22774-D,5室1卫,12/18层,通州区,九棵树,龙湖蔚澜香醍,地铁：距八通线果园站1050米
2430,13,23199-A,3室1卫,3/6层,丰台区,四环路,宜兰园三区,地铁：距房山线四环路站1250米
1420,7,23155-A,4室1卫,4/7层,顺义区,顺义,双兴南区,地铁：距15号线顺义站1000米
1590,14,24036-B,2室1卫,16/20层,房山区,阎村,天恒乐活城,地铁：距燕房线阎村站200米
2310,12,2065-A,6室2卫,6/6层,朝阳区,星火,姚家园西里3号院,"地铁：距3号线,20号线星火站350米"
2000,14,29115-A,3室1卫,3/6层,顺义区,石门,石景苑,地铁：距15号线石门站850米
2190,10,29355-B,2室1卫,1/18层,大兴区,荣昌东街,南海家园三里,地铁：距亦庄线荣昌东街站3150米
1690,15,29273-B,3室1卫,1/6层,昌平区,未来科技城北,温泉花园B区,地铁：距17号线未来科技城北站4500米
2420,10,29123-C,3室1卫,6/6层,海淀区,玉泉路,地震局宿舍,地铁：距1号线玉泉路站950米
3720,19,13934-A,4室1卫,3/6层,昌平区,回龙观东大街,矩阵小区,地铁：距8号线回龙观东大街站650米
1490,7,29840-A,4室1卫,8/21层,丰台区,张郭庄,红山郡,地铁：距14号线西段张郭庄站1750米
2630,9,31809-B,3室1卫,1/5层,朝阳区,十里堡,八里庄东里,地铁：距6号线十里堡站600米
1940,9,31916-B,3室1卫,1/18层,朝阳区,平房村,金泽家园A区,地铁：距3号线平房村站1500米
3410,10,32768-B,2室1卫,6/6层,西城区,新街口,新街口西里三区,地铁：距4号线大兴线新街口站400米
1820,11,33079-C,3室1卫,5/9层,通州区,通州北关,苏坨新村,地铁：距6号线通州北关站2800米
2070,10,33532-C,3室1卫,24/29层,朝阳区,东坝中街,金隅悦和园,地铁：距14号线东段将台站4400米
2330,12,29754-B,4室1卫,2/11层,顺义区,花梨坎,吉祥花园,地铁：距15号线花梨坎站450米
2040,15,30505-C,3室1卫,32/37层,通州区,通运门,京贸国际城西区,地铁：距6号线通运门站2000米
2500,9,34219-C,3室1卫,3/21层,昌平区,霍营,旗胜家园,"地铁：距8号线,13号线霍营站350米"
2840,18,372-C,4室1卫,24/27层,朝阳区,管庄,东卫城,地铁：距八通线管庄站400米
1300,9,44215-C,3室1卫,5/10层,房山区,良乡大学城,东羊庄新村,地铁：距房山线良乡大学城站1200米
2930,9,35622-C,3室1卫,1/6层,朝阳区,望京,南湖中园小区,"地铁：距14号线东段,15号线望京站700米"
1550,12,47322-B,3室1卫,9/9层,房山区,良乡大学城北,京投万科新里程,地铁：距房山线良乡大学城北站450米
1730,13,51501-E,5室2卫,5/6层,顺义区,顺义,裕龙西区,地铁：距15号线顺义站1000米
2110,14,52037-B,3室1卫,18/27层,通州区,群芳,海棠湾二期,地铁：距7号线群芳站850米
2610,18,52466-B,5室2卫,3/6层,大兴区,旧宫,育龙家园,地铁：距亦庄线旧宫站1150米
1650,8,52987-D,4室1卫,8/13层,顺义区,花梨坎,天裕昕园,地铁：距15号线花梨坎站2550米
1870,10,68551-C,3室1卫,10/18层,昌平区,沙河高教园,北街家园一区,地铁：距昌平线沙河高教园站1200米
1590,11,67816-C,4室1卫,1/6层,顺义区,石门,澜西园,地铁：距15号线石门站2200米
2310,10,49582-B,3室1卫,15/15层,海淀区,永丰,友谊嘉园二期,地铁：距16号线永丰站2450米
1460,13,80285-C,4室1卫,2/6层,房山区,广阳城,原香小镇二区,地铁：距房山线广阳城站1900米
1540,7,80545-C,3室1卫,3/6层,顺义区,石门,前进花园石门苑,地铁：距15号线石门站800米
2350,8,80823-B,3室1卫,9/21层,东城区,陶然桥,百荣嘉园,地铁：距14号线东段陶然桥站300米
2400,18,114541-D,4室1卫,3/6层,通州区,北运河西,西上园三区,地铁：距6号线北运河西站900米
2600,8,118326-B,3室1卫,6/20层,丰台区,木樨园,西罗园三区,地铁：距8号线南段木樨园站900米
1910,8,123629-A,3室1卫,1/6层,大兴区,旧宫,清逸西园,地铁：距亦庄线旧宫站1550米
2040,10,123559-B,2室1卫,3/6层,石景山区,金安桥,赵山,"地铁：距1号线,6号线苹果园站1200米"
1480,15,125292-B,4室1卫,3/6层,房山区,广阳城,张家场周转房,地铁：距房山线广阳城站1200米
2900,12,133127-B,3室1卫,17/18层,朝阳区,百子湾,沿海赛洛城,地铁：距7号线百子湾站650米
2740,17,137664-A,2室1卫,3/5层,石景山区,古城,古城特钢楼,地铁：距1号线古城站1150米
2670,13,140145-C,4室1卫,9/31层,丰台区,大井,丰体时代花园,地铁：距14号线西段大井站400米
3620,17,143233-C,4室1卫,2/8层,朝阳区,望京西,北京香颂,"地铁：距13号线,15号线望京西站550米"
2480,13,143512-C,3室1卫,1/22层,朝阳区,双合,建工双合家园,地铁：距7号线双合站350米
1950,18,144629-B,3室1卫,1/6层,通州区,梨园,玉桥南里,地铁：距八通线梨园站1350米
2170,9,143616-B,3室1卫,2/6层,通州区,通州北苑,旅游新村,地铁：距八通线通州北苑站400米
2140,14,146602-B,3室2卫,4/12层,昌平区,昌平东关,随园,地铁：距昌平线昌平东关站1000米
2690,14,148836-B,2室1卫,5/6层,昌平区,天通苑,天通中苑,地铁：距5号线天通苑站1300米
2100,10,148696-A,4室2卫,13/18层,大兴区,天宫院,保利首开熙悦春天,地铁：距4号线大兴线天宫院站250米
1930,10,151929-A,2室1卫,2/6层,大兴区,五福堂,德茂小区,地铁：距8号线南段五福堂站1050米
2880,11,143547-C,4室1卫,5/6层,海淀区,农大南路,万树园,地铁：距16号线农大南路站850米
2140,13,154755-A,3室1卫,4/6层,顺义区,国展,天竺花园,地铁：距15号线国展站1300米
1990,8,1480-B,5室1卫,6/7层,昌平区,天通苑,天通苑北三区,地铁：距5号线天通苑站1700米
1820,9,17066-D,4室1卫,16/31层,大兴区,生物医药基地,金科天籁城,地铁：距4号线大兴线生物医药基地站550米
2210,10,21955-B,3室1卫,5/18层,朝阳区,管庄,管庄新村,地铁：距八通线管庄站600米
2250,11,27025-C,4室1卫,24/26层,朝阳区,管庄,东卫城,地铁：距八通线管庄站400米
2400,11,27067-B,3室1卫,26/31层,朝阳区,平房村,金隅汇景苑,"地铁：距14号线东段,平谷线东风北桥站4500米"
2820,28,27397-B,4室1卫,4/12层,通州区,北运河西,加华印象街,地铁：距6号线北运河西站1250米
2570,13,28362-C,4室1卫,3/6层,顺义区,国展,莲竹花园,地铁：距15号线国展站350米
2860,26,29616-C,4室1卫,6/6层,大兴区,高米店北,双高花园小区,地铁：距4号线大兴线高米店北站600米
1890,14,30554-C,4室1卫,11/17层,顺义区,顺义,金汉绿港二区,地铁：距15号线顺义站750米
1570,8,27324-C,4室1卫,14/21层,丰台区,张郭庄,红山郡,地铁：距14号线西段张郭庄站1750米
1260,10,28876-C,3室1卫,4/10层,房山区,苏庄,蓝光星华海悦城,地铁：距房山线苏庄站650米
3190,9,32577-B,2室1卫,4/5层,朝阳区,金台路,红庙北里,"地铁：距6号线,14号线东段金台路站450米"
3750,16,28327-A,3室1卫,2/6层,朝阳区,望京,南湖中园小区,"地铁：距14号线东段,15号线望京站700米"
1230,8,28480-C,4室1卫,5/16层,房山区,良乡大学城西,绿湾星苑,地铁：距房山线良乡大学城西站850米
2700,11,3348-B,3室1卫,12/28层,朝阳区,青年路,金隅泰和园,地铁：距6号线青年路站1250米
1670,16,35610-A,3室1卫,10/15层,房山区,篱笆房,加州水郡三期,地铁：距房山线篱笆房站2200米
3040,11,367-C,5室2卫,2/28层,朝阳区,关庄,嘉铭园B区,地铁：距15号线关庄站450米
2630,15,35260-A,3室1卫,1/15层,海淀区,永丰,友谊嘉园三期,地铁：距16号线永丰站2150米
3470,11,374-C,4室2卫,5/16层,朝阳区,望京西,北京香颂,"地铁：距13号线,15号线望京西站550米"
2940,9,3649-D,4室1卫,1/30层,朝阳区,惠新西街北口,欧陆经典万兴苑,地铁：距5号线惠新西街北口站850米
2950,12,44068-A,4室1卫,5/18层,朝阳区,潘家园,美景东方,地铁：距14号线东段北工大西门站850米
2680,12,47161-D,4室1卫,1/6层,海淀区,育新,龙乡东区,地铁：距8号线育新站700米
2960,14,47341-C,5室1卫,9/9层,朝阳区,百子湾,沿海赛洛城,地铁：距7号线百子湾站650米
2400,11,48955-C,4室1卫,1/15层,海淀区,永丰,友谊嘉园三期,地铁：距16号线永丰站2150米
2610,12,486-D,4室2卫,21/24层,朝阳区,高碑店,兴隆家园,地铁：距八通线高碑店站600米
2650,12,45355-D,4室1卫,1/20层,朝阳区,褡裢坡,福盈家园2号院,地铁：距6号线褡裢坡站550米
2130,12,52146-D,4室1卫,1/7层,通州区,通州北苑,旅游新村,地铁：距八通线通州北苑站400米
1620,7,55354-A,4室1卫,4/6层,大兴区,枣园,滨河西里,地铁：距4号线大兴线枣园站650米
