﻿价格,面积,编号,户型,楼层,位置1,位置2,小区,地铁
2380,11,50952-D,4室1卫,1/10层,丰台区,公益西桥,城南嘉园益嘉园,地铁：距4号线大兴线公益西桥站500米
2710,9,20870-A,2室1卫,21/28层,丰台区,西铁营,亚林西居住区,地铁：距14号线东段西铁营站450米
2300,13,20039-A,4室1卫,19/24层,丰台区,樊羊路,花香东苑,地铁：距房山线樊羊路站450米
2980,5,66407-A,2室1卫,12/24层,海淀区,车道沟,半壁街南路1号院,地铁：距10号线车道沟站650米
2860,16,78687-A,4室1卫,3/6层,东城区,陶然桥,西罗园北路15号,地铁：距14号线东段陶然桥站600米
2260,13,19047-D,4室1卫,3/24层,丰台区,樊羊路,花香东苑,地铁：距房山线樊羊路站450米
2860,16,14099-B,3室1卫,1/30层,丰台区,西铁营,亚林西居住区,地铁：距14号线东段西铁营站450米
2300,9,114588-C,4室1卫,13/18层,丰台区,北京南站,开阳里三区,"地铁：距4号线大兴线,14号线东段北京南站站1000米"
2130,9,23362-A,3室1卫,7/27层,丰台区,樊羊路,花香东苑,地铁：距房山线樊羊路站450米
2340,9,20455-B,3室1卫,25/27层,丰台区,樊羊路,花香东苑,地铁：距房山线樊羊路站450米
2780,13,59272-B,2室1卫,9/19层,丰台区,草桥,玉安园,"地铁：距10号线,大兴机场线草桥站800米"
3230,8,34198-B,4室1卫,3/9层,海淀区,长春桥,小南庄怡秀园,"地铁：距10号线,12号线长春桥站950米"
2980,20,149061-B,3室1卫,9/22层,昌平区,天通苑东,天通苑东二区,地铁：距17号线天通苑东站650米
2500,10,135827-A,5室2卫,15/16层,昌平区,天通苑,天通苑北一区,地铁：距5号线天通苑站350米
2670,14,2596-B,3室1卫,2/19层,昌平区,天通苑东,天通苑东三区,地铁：距5号线天通苑南站2250米
2290,12,27668-D,4室1卫,14/22层,朝阳区,小红门,鸿博家园二期D区,地铁：距亦庄线小红门站450米
2240,13,68332-C,4室1卫,5/6层,通州区,物资学院路,新建村小区,地铁：距6号线物资学院路站550米
2480,11,131950-C,3室1卫,19/28层,朝阳区,褡裢坡,泰福苑二区,地铁：距6号线褡裢坡站700米
2040,11,39091-C,4室1卫,4/6层,通州区,果园,新华联家园北区,地铁：距八通线果园站500米
2220,14,7886-B,3室1卫,5/5层,朝阳区,孙河,康营小区A区,地铁：距15号线孙河站1650米
2100,12,75121-D,4室1卫,22/29层,通州区,次渠南,次渠锦园北区,地铁：距亦庄线次渠南站350米
2130,10,48892-C,4室1卫,1/6层,顺义区,国展,莲竹花园,地铁：距15号线国展站350米
2340,11,138639-D,4室2卫,10/18层,朝阳区,褡裢坡,金福家园,地铁：距6号线褡裢坡站1000米
2250,10,35946-B,3室1卫,5/19层,朝阳区,北岗子,坝鑫家园,"地铁：距12号线,平谷线北岗子站850米"
2110,13,69010-B,4室1卫,8/11层,通州区,九棵树,瑞都国际,地铁：距八通线九棵树站400米
2290,14,117014-B,3室1卫,1/20层,大兴区,亦庄桥,中信新城东区,地铁：距亦庄线荣京东街站2500米
2350,11,131734-C,4室1卫,5/6层,朝阳区,褡裢坡,定福庄北里1号院,地铁：距6号线褡裢坡站550米
2440,11,58904-C,5室1卫,2/6层,昌平区,龙泽,佰嘉城,地铁：距13号线龙泽站1300米
2260,10,73193-B,4室1卫,5/11层,石景山区,古城,古城现代嘉园,地铁：距1号线古城站1250米
2030,12,48218-A,3室1卫,9/12层,通州区,梨园,云景豪庭,地铁：距八通线梨园站600米
2440,10,35759-B,3室1卫,13/15层,海淀区,永丰,友谊嘉园三期,地铁：距16号线永丰站2150米
2480,14,78948-B,3室1卫,6/11层,朝阳区,孙河,康营小区23区,地铁：距15号线孙河站1300米
2520,12,58833-B,3室1卫,2/24层,丰台区,木樨园,西罗园三区,地铁：距8号线南段木樨园站900米
2480,12,70528-C,3室1卫,2/12层,东城区,景泰,华龙美晟,地铁：距14号线东段景泰站500米
2300,10,116275-C,3室1卫,14/21层,石景山区,苹果园,西山奥园,"地铁：距1号线,6号线苹果园站1150米"
2490,13,65478-A,3室1卫,2/6层,昌平区,龙泽,龙兴园北区,地铁：距13号线龙泽站1650米
2430,11,37959-B,3室1卫,1/15层,海淀区,永丰,友谊嘉园三期,地铁：距16号线永丰站2150米
2040,14,55188-C,4室1卫,5/6层,顺义区,花梨坎,三山新新家园,地铁：距15号线花梨坎站2100米
2310,10,49706-B,3室1卫,10/21层,朝阳区,北岗子,坝鑫家园,"地铁：距12号线,平谷线北岗子站850米"
2010,13,43546-B,3室1卫,5/6层,通州区,梨园,云景西里,地铁：距八通线梨园站750米
2460,11,35529-B,3室1卫,10/15层,海淀区,永丰,友谊嘉园三期,地铁：距16号线永丰站2150米
2050,14,38965-B,3室1卫,2/6层,通州区,梨园,云景西里,地铁：距八通线梨园站750米
2100,13,147367-C,3室1卫,3/6层,大兴区,旧宫,佳和园老区,地铁：距亦庄线旧宫站900米
2020,10,152266-B,2室1卫,2/5层,丰台区,火箭万源,万源东里,地铁：距8号线南段火箭万源站700米
3870,13,22668-A,4室1卫,8/32层,朝阳区,大望路,阳光100,"地铁：距1号线,14号线东段大望路站400米"
2670,18,45436-C,3室1卫,4/6层,丰台区,纪家庙,万柳西园,地铁：距10号线纪家庙站850米
2300,14,19444-B,3室1卫,9/11层,朝阳区,孙河,康营小区12区,地铁：距15号线孙河站900米
2330,9,48416-C,3室1卫,17/20层,朝阳区,褡裢坡,福盈家园3号院,地铁：距6号线褡裢坡站450米
2460,12,19454-C,3室1卫,3/6层,朝阳区,草房,连心园东区,地铁：距6号线草房站500米
2740,10,32726-B,2室1卫,6/6层,丰台区,北京南站,开阳里四区,"地铁：距4号线大兴线,14号线东段北京南站站800米"
2280,12,26203-C,3室1卫,11/27层,朝阳区,小红门,鸿博家园二期F区,地铁：距亦庄线小红门站550米
2830,15,8254-B,4室1卫,4/6层,东城区,永定门外,西革新里,"地铁：距8号线南段,14号线东段永定门外站500米"
2190,13,22615-B,3室1卫,4/11层,顺义区,国展,翠竹新村,地铁：距15号线国展站1800米
2420,10,34166-A,3室1卫,9/19层,昌平区,朱辛庄,TBD万科天地,"地铁：距昌平线,8号线朱辛庄站200米"
2790,12,24184-A,3室1卫,20/28层,朝阳区,四惠东,通惠家园惠民园,"地铁：距1号线,八通线四惠东站350米"
2190,10,19308-A,3室1卫,7/18层,朝阳区,管庄,管庄新村,地铁：距八通线管庄站600米
,,,,,,,,
2320,11,35371-A,2室1卫,1/6层,大兴区,旧宫,清逸西园,地铁：距亦庄线旧宫站1550米
2260,9,123815-A,4室1卫,5/6层,昌平区,回龙观东大街,华龙苑中里,地铁：距8号线回龙观东大街站650米
3450,17,62649-B,4室1卫,24/25层,朝阳区,四惠,力源里,"地铁：距1号线,八通线四惠站250米"
2300,13,26247-C,3室1卫,6/6层,大兴区,旧宫,清逸园,地铁：距亦庄线旧宫站1200米
2180,10,24297-B,3室1卫,15/15层,朝阳区,东坝中街,金泽家园B区,地铁：距6号线褡裢坡站3700米
2430,13,141303-B,3室1卫,1/6层,朝阳区,孙河,康营小区B区,地铁：距15号线孙河站1500米
2020,13,55354-D,4室1卫,4/6层,大兴区,枣园,滨河西里,地铁：距4号线大兴线枣园站650米
2050,14,52869-A,3室1卫,2/6层,通州区,土桥,欣桥家园,地铁：距八通线土桥站1150米
2150,10,17654-B,3室1卫,13/16层,顺义区,花梨坎,枫泉花园,地铁：距15号线花梨坎站700米
3390,18,131281-A,2室1卫,4/6层,东城区,陶然桥,西罗园四区,地铁：距14号线东段陶然桥站750米
2880,8,148838-B,3室1卫,21/28层,朝阳区,四惠东,通惠家园惠民园,"地铁：距1号线,八通线四惠东站350米"
2610,10,4439-A,3室1卫,28/28层,朝阳区,东风北桥,梵谷水郡,"地铁：距14号线东段,平谷线东风北桥站1800米"
2850,10,23801-B,2室1卫,10/28层,丰台区,西铁营,亚林上苑,地铁：距14号线东段西铁营站100米
2840,7,118865-A,3室1卫,1/6层,朝阳区,香河园,新源里东,地铁：距17号线香河园站650米
2110,12,119586-A,2室1卫,5/6层,大兴区,枣园,滨河西里,地铁：距4号线大兴线枣园站650米
2150,12,69077-B,4室1卫,12/16层,大兴区,西红门,宏大中园,地铁：距4号线大兴线西红门站950米
2550,12,49512-A,2室1卫,5/6层,丰台区,海户屯,西罗园南里,地铁：距8号线南段海户屯站650米
2330,15,121570-B,3室1卫,13/21层,朝阳区,小红门,鸿博家园二期A区,地铁：距亦庄线小红门站400米
2060,17,34062-B,2室1卫,3/5层,顺义区,顺义,建新北区,地铁：距15号线顺义站700米
2510,11,130715-C,3室1卫,19/27层,朝阳区,褡裢坡,泰福苑一区,地铁：距6号线褡裢坡站500米
2680,14,67981-B,2室1卫,1/6层,朝阳区,黄渠,常营民族家园J区,地铁：距6号线黄渠站900米
2900,13,34217-B,3室1卫,7/7层,东城区,天坛东门,体育馆路13号院,地铁：距5号线天坛东门站250米
2320,9,31656-D,5室2卫,10/12层,丰台区,角门东,怡然家园6号院,地铁：距10号线角门东站400米
2120,15,47887-B,3室1卫,17/23层,通州区,土桥,香溪家园,地铁：距八通线土桥站500米
2540,14,41445-B,2室1卫,6/6层,石景山区,古城,八角南路,地铁：距1号线古城站350米
2430,13,35350-C,3室1卫,1/15层,海淀区,永丰,友谊嘉园三期,地铁：距16号线永丰站2150米
2310,18,36733-B,2室1卫,6/6层,朝阳区,八里桥,西马庄园,地铁：距八通线八里桥站1150米
2770,10,132683-A,2室1卫,8/19层,石景山区,八角游乐园,碣石坪,地铁：距1号线八角游乐园站400米
2440,9,53433-D,4室1卫,8/19层,丰台区,方庄,芳城园一区,地铁：距14号线东段方庄站550米
2040,11,52340-B,3室1卫,7/14层,通州区,通州北关,财富东方,地铁：距6号线通州北关站800米
2770,14,66429-B,3室1卫,14/26层,石景山区,八宝山,远洋山水,地铁：距1号线八宝山站650米
2880,13,132758-A,3室1卫,1/21层,东城区,永定门外,革新南路2号院,"地铁：距8号线南段,14号线东段永定门外站300米"
2180,15,48119-B,4室1卫,3/6层,通州区,通州北关,西潞苑小区,地铁：距6号线通州北关站1950米
3040,8,54032-B,2室1卫,4/7层,朝阳区,红庙,西大望路北,地铁：距14号线东段红庙站100米
2480,11,67611-C,4室1卫,9/10层,丰台区,公益西桥,城南嘉园益城园,地铁：距4号线大兴线公益西桥站500米
2070,15,76957-A,2室1卫,3/5层,大兴区,黄村西大街,兴政西里,地铁：距4号线大兴线黄村西大街站400米
2430,8,118064-B,3室1卫,2/6层,丰台区,北京南站,玉林东里三区,"地铁：距4号线大兴线,14号线东段北京南站站1400米"
,,,,,,,,
2180,10,75324-C,4室1卫,3/6层,丰台区,科怡路,怡海花园恒丰园,地铁：距9号线科怡路站550米
3090,18,117489-A,2室1卫,4/6层,丰台区,木樨园,西罗园一区,地铁：距8号线南段木樨园站450米
2210,17,144062-B,2室1卫,4/5层,昌平区,昌平,昌平宽街,地铁：距昌平线昌平站550米
2190,19,136907-A,2室1卫,3/6层,昌平区,昌平,昌平永安里,地铁：距昌平线昌平站1000米
2490,16,44453-A,2室1卫,6/6层,通州区,通州北苑,新华西街15号院,地铁：距八通线通州北苑站1400米
2100,9,32155-E,6室1卫,6/6层,大兴区,高米店南,康颐园,地铁：距4号线大兴线高米店南站300米
2600,13,74365-A,4室1卫,12/16层,海淀区,廖公庄,金隅瑞和园,地铁：距6号线廖公庄站1400米
2010,18,39040-B,3室1卫,5/6层,通州区,通州北关,刘庄新村,地铁：距6号线通州北关站2700米
2430,9,35-A,4室1卫,8/22层,朝阳区,常营,北辰福第中区,地铁：距6号线常营站450米
2060,17,38454-B,3室1卫,2/6层,通州区,通州北关,东潞苑,地铁：距6号线通州北关站2350米
2420,11,1829-B,3室1卫,5/21层,朝阳区,双桥,金隅康惠园,地铁：距八通线双桥站600米
2560,14,57824-B,3室1卫,24/26层,通州区,九棵树,玉兰湾,地铁：距八通线梨园站900米
2350,13,1332-A,4室1卫,4/12层,昌平区,天通苑,天通中苑,地铁：距5号线天通苑站1300米
2970,16,887-B,3室1卫,2/21层,朝阳区,星火,姚家园东里8号院,"地铁：距3号线,20号线星火站800米"
2060,14,137267-B,3室1卫,8/12层,通州区,梨园,新城阳光,地铁：距八通线梨园站450米
2590,14,134841-A,3室1卫,5/18层,朝阳区,孙河,康营小区23区,地铁：距15号线孙河站1300米
2160,10,151996-B,3室1卫,1/22层,朝阳区,双合,建工双合家园,地铁：距7号线双合站350米
2570,12,147884-A,3室1卫,5/6层,昌平区,回龙观东大街,霍营小区,地铁：距8号线回龙观东大街站850米
2570,14,146805-A,2室1卫,1/6层,大兴区,枣园,枣园小区,地铁：距4号线大兴线枣园站450米
3740,9,125785-B,2室1卫,3/6层,海淀区,长春桥,小南庄社区,"地铁：距10号线,12号线长春桥站1150米"
2730,6,137637-B,5室1卫,5/23层,朝阳区,高家园,宏源公寓,地铁：距12号线高家园站500米
2310,7,119124-B,3室1卫,3/16层,丰台区,六里桥,莲香园,"地铁：距9号线,10号线六里桥站850米"
2030,14,62578-A,2室1卫,9/10层,门头沟区,栗园庄,惠润嘉园,地铁：距S1线栗园庄站300米
2440,8,128472-B,3室1卫,14/25层,丰台区,方庄,芳城园二区,地铁：距14号线东段方庄站650米
2400,10,150881-A,3室1卫,17/25层,石景山区,杨庄,杨庄北区,地铁：距6号线杨庄站550米
2840,8,147511-A,2室1卫,12/17层,丰台区,马家堡,嘉园一里,地铁：距4号线大兴线马家堡站50米
2020,8,20651-C,4室1卫,3/25层,丰台区,樊羊路,花香东苑,地铁：距房山线樊羊路站450米
2170,10,20213-B,2室1卫,10/15层,大兴区,瀛海,南海家园五里,地铁：距亦庄线荣昌东街站3750米
2040,8,19263-C,4室1卫,5/21层,丰台区,樊羊路,花香东苑,地铁：距房山线樊羊路站450米
2030,8,19002-C,4室1卫,23/24层,丰台区,樊羊路,花香东苑,地铁：距房山线樊羊路站450米
2390,10,1310-D,4室1卫,1/17层,朝阳区,成寿寺,金第润苑,地铁：距10号线成寿寺站600米
2360,14,3815-C,4室1卫,4/6层,朝阳区,双桥,双惠苑,地铁：距八通线双桥站500米
2670,13,49095-A,3室1卫,8/18层,丰台区,公益西桥,星河苑1号院,地铁：距4号线大兴线公益西桥站450米
2400,15,21135-A,3室1卫,5/5层,朝阳区,黄渠,常营民族家园B区,地铁：距6号线黄渠站800米
2030,8,21759-C,4室1卫,17/21层,丰台区,樊羊路,花香东苑,地铁：距房山线樊羊路站450米
2030,8,20334-B,4室1卫,13/28层,丰台区,樊羊路,花香东苑,地铁：距房山线樊羊路站450米
2350,14,4385-B,3室1卫,6/6层,朝阳区,黄渠,常营民族家园CDF区,地铁：距6号线黄渠站750米
2600,8,35309-A,4室1卫,15/18层,海淀区,海淀五路居,定慧福里,地铁：距6号线海淀五路居站250米
,,,,,,,,
3000,10,1206-C,4室1卫,4/11层,朝阳区,太阳宫,曙光里,"地铁：距10号线,17号线太阳宫站650米"
2410,16,20009-B,2室1卫,1/6层,通州区,通州北苑,新华西街145号院,地铁：距八通线通州北苑站300米
2260,20,49225-B,2室1卫,1/6层,大兴区,枣园,滨河西里,地铁：距4号线大兴线枣园站650米
3360,11,77003-B,4室1卫,11/29层,朝阳区,大望路,soho现代城,"地铁：距1号线,14号线东段大望路站250米"
2170,17,56243-D,5室1卫,3/4层,昌平区,朱辛庄,豆各庄新村,"地铁：距昌平线,8号线朱辛庄站1350米"
2650,7,146715-C,3室1卫,8/18层,朝阳区,阜通,花家地西里,地铁：距14号线东段阜通站900米
2080,13,40072-A,2室1卫,10/18层,房山区,良乡大学城西,玉竹园小区一里,地铁：距房山线良乡大学城西站450米
3120,18,50010-B,2室1卫,4/6层,丰台区,北京南站,洋桥北里,"地铁：距4号线大兴线,14号线东段北京南站站300米"
2050,8,20789-C,4室1卫,12/28层,丰台区,樊羊路,花香东苑,地铁：距房山线樊羊路站450米
2990,14,43520-B,3室1卫,13/26层,丰台区,方庄,芳城园一区,地铁：距14号线东段方庄站550米
2480,12,144399-A,3室1卫,12/22层,石景山区,八角游乐园,六合园,地铁：距1号线八角游乐园站1150米
2290,15,43389-C,3室1卫,11/14层,昌平区,天通苑北,龙冠冠华苑二区,地铁：距5号线天通苑北站4000米
2070,21,75266-D,4室1卫,14/15层,房山区,良乡南关,嘉瑞通小区,地铁：距房山线良乡南关站150米
2780,14,143725-B,3室1卫,1/6层,丰台区,公益西桥,角门16号院,地铁：距4号线大兴线公益西桥站650米
2520,10,46160-B,3室1卫,10/11层,朝阳区,草房,保利嘉园1号院,地铁：距6号线草房站950米
2490,11,19550-C,3室1卫,13/23层,通州区,物资学院路,新建村二期,地铁：距6号线物资学院路站550米
2600,13,5897-C,3室1卫,2/6层,朝阳区,常营,连心园西区,地铁：距6号线常营站800米
2540,12,19612-B,2室1卫,8/16层,通州区,物资学院路,金地格林格林,地铁：距6号线物资学院路站2950米
2320,10,51697-A,2室1卫,2/28层,朝阳区,小红门,鸿博家园一期A区,地铁：距亦庄线小红门站900米
2810,13,13309-B,4室1卫,18/24层,丰台区,角门西,明日嘉园,"地铁：距10号线,4号线大兴线角门西站450米"
2020,11,43978-A,3室1卫,5/6层,通州区,北运河西,乔庄北区,地铁：距6号线北运河西站700米
2330,15,25050-A,3室1卫,2/18层,通州区,次渠南,次渠家园北里5区,地铁：距亦庄线次渠南站1050米
2560,12,34846-A,3室1卫,14/15层,海淀区,永丰,友谊嘉园三期,地铁：距16号线永丰站2150米
2410,11,1833-B,3室1卫,16/16层,朝阳区,双桥,金隅康惠园,地铁：距八通线双桥站600米
2100,11,26435-A,3室1卫,7/27层,通州区,次渠南,次渠家园东里2区,地铁：距亦庄线次渠南站450米
,,,,,,,,
2200,15,143634-A,2室1卫,4/5层,昌平区,昌平,安福苑,地铁：距昌平线昌平站900米
2780,10,148072-A,3室1卫,5/10层,丰台区,公益西桥,城南嘉园益星园,地铁：距4号线大兴线公益西桥站200米
2400,11,31689-B,2室1卫,7/16层,顺义区,花梨坎,枫泉花园,地铁：距15号线花梨坎站700米
2470,9,8084-C,3室1卫,6/15层,朝阳区,青年路,甘露园南里二区,地铁：距6号线青年路站800米
2790,12,123713-B,2室1卫,4/13层,朝阳区,褡裢坡,天泰苑A8区,地铁：距6号线褡裢坡站600米
2520,9,66150-B,3室1卫,5/6层,朝阳区,四惠,百子湾路2号楼,地铁：距7号线百子湾站1250米
3020,9,142589-B,2室1卫,5/6层,朝阳区,十里堡,八里庄北里,地铁：距6号线十里堡站600米
3210,9,80696-B,2室1卫,5/6层,西城区,南礼士路,西便门西里,地铁：距1号线南礼士路站850米
4270,16,131622-C,3室1卫,5/22层,朝阳区,大望路,盛世嘉园,"地铁：距1号线,14号线东段大望路站500米"
2870,9,61256-A,3室1卫,1/6层,朝阳区,望京西,南湖渠西里,"地铁：距13号线,15号线望京西站650米"
2230,16,125524-B,2室1卫,3/6层,昌平区,昌平东关,昌盛园一区,地铁：距昌平线昌平东关站1200米
3800,11,75069-A,2室1卫,2/6层,朝阳区,将台,芳园里,地铁：距14号线东段将台站300米
2830,10,152061-B,2室1卫,6/12层,丰台区,刘家窑,南三环东路,地铁：距5号线刘家窑站150米
2280,18,145608-A,3室1卫,3/6层,丰台区,新宫,同兴园,"地铁：距4号线大兴线,19号线新宫站1600米"
2500,18,124237-B,2室1卫,2/4层,通州区,通州北苑,通惠南路,地铁：距八通线通州北苑站650米
2650,14,5815-D,4室1卫,10/15层,昌平区,育知路,流星花园三区,地铁：距8号线育知路站850米
2470,13,33571-C,4室1卫,5/6层,海淀区,玉泉路,博龙家园,地铁：距1号线玉泉路站1450米
2660,18,122511-A,2室1卫,1/5层,石景山区,古城,十万坪,地铁：距1号线古城站600米
2150,10,139628-B,3室1卫,5/22层,朝阳区,双合,建工双合家园,地铁：距7号线双合站350米
2500,15,43326-A,2室1卫,8/12层,石景山区,金安桥,模式口南里,"地铁：距1号线,6号线苹果园站1500米"
1940,9,65596-B,3室1卫,5/18层,朝阳区,东坝中街,东泽园,地铁：
1860,10,34600-C,3室1卫,8/28层,通州区,土桥,华远铭悦,地铁：距八通线土桥站950米
1680,10,70110-B,3室1卫,10/13层,房山区,稻田,稻田回迁楼,地铁：距房山线稻田站250米
1660,11,122279-B,3室1卫,11/15层,通州区,土桥,金隅七零九零,地铁：距八通线土桥站1750米
2130,11,37712-A,2室1卫,6/6层,朝阳区,管庄,双桥东路6号院,地铁：距八通线管庄站500米
1760,13,72847-B,3室1卫,3/11层,通州区,通州北关,K2清水湾,地铁：距6号线通州北关站1950米
2670,17,123517-B,2室1卫,2/6层,丰台区,丰台南路,南开地住宅小区,地铁：距9号线丰台南路站1000米
2920,12,145809-A,2室1卫,3/6层,朝阳区,垡头,垡头北里,地铁：距7号线欢乐谷景区站1050米
2260,12,148604-B,3室1卫,21/25层,石景山区,杨庄,地铁古城家园,"地铁：距1号线,6号线苹果园站1300米"
2320,20,116688-C,4室1卫,3/6层,通州区,北运河西,幸福艺居,地铁：距6号线北运河西站1550米
,,,,,,,,
2990,18,146248-A,3室1卫,5/6层,朝阳区,北工大西门,双龙南里,地铁：距14号线东段北工大西门站450米
2210,12,146368-B,3室1卫,1/20层,海淀区,玉泉路,兆丰园,地铁：距1号线玉泉路站1850米
2850,16,145120-A,3室1卫,3/6层,朝阳区,立水桥,肿瘤医院宿舍,"地铁：距13号线,5号线立水桥站700米"
2160,18,40270-A,2室1卫,4/5层,顺义区,顺义,建新北区,地铁：距15号线顺义站700米
2280,11,64824-C,4室1卫,2/6层,昌平区,龙泽,龙兴园西区,地铁：距13号线龙泽站1950米
2790,10,136199-A,5室1卫,2/12层,东城区,景泰,新奥洋房,地铁：距14号线东段景泰站200米
2110,14,117098-C,3室1卫,4/6层,通州区,北神树,金色漫香林五期,地铁：距亦庄线万源街站3000米
2160,14,118981-C,3室1卫,1/11层,通州区,果园,苏荷时代,地铁：距八通线果园站250米
,,,,,,,,
2090,14,77965-A,3室1卫,4/6层,通州区,次渠,华馨园,"地铁：距亦庄线,17号线次渠站650米"
2770,19,145067-B,2室1卫,5/6层,通州区,果园,翠屏北里西区,地铁：距八通线果园站400米
2830,17,154233-B,2室1卫,3/6层,丰台区,丰台东大街,北大地四里,地铁：距9号线丰台东大街站900米
2210,11,64745-A,3室1卫,4/6层,大兴区,万源街,三羊里,地铁：距亦庄线万源街站2000米
2110,18,46953-B,4室1卫,6/6层,昌平区,沙河,五福家园,地铁：距昌平线沙河站2000米
2330,12,7019-C,4室1卫,7/11层,顺义区,花梨坎,吉祥花园,地铁：距15号线花梨坎站450米
2010,12,124993-D,4室1卫,8/18层,通州区,次渠,次渠家园北里1区,"地铁：距亦庄线,17号线次渠站1550米"
1780,11,63207-A,3室1卫,10/23层,通州区,通州北关,刘庄新村,地铁：距6号线通州北关站2700米
2300,12,51705-A,4室1卫,5/6层,顺义区,花梨坎,蓝星花园,地铁：距15号线花梨坎站600米
2130,11,44674-F,6室2卫,11/12层,丰台区,火箭万源,云龙家园,地铁：距亦庄线旧宫站2250米
2550,10,3933-A,3室1卫,8/20层,朝阳区,常营,北辰福第中区,地铁：距6号线常营站450米
2270,10,131734-D,4室1卫,5/6层,朝阳区,褡裢坡,定福庄北里1号院,地铁：距6号线褡裢坡站550米
4180,14,56007-A,2室1卫,4/20层,朝阳区,青年路,青年汇佳园,地铁：距6号线青年路站250米
1850,13,66269-A,3室1卫,12/24层,门头沟区,桥户营,惠康嘉园二区,地铁：距S1线桥户营站850米
,,,,,,,,
2350,11,124651-C,3室1卫,3/6层,顺义区,花梨坎,蓝星花园,地铁：距15号线花梨坎站600米
3440,11,36717-B,3室1卫,16/24层,朝阳区,东风北桥,梵谷水郡,"地铁：距14号线东段,平谷线东风北桥站1800米"
,,,,,,,,
2840,18,150626-A,3室1卫,3/5层,石景山区,古城,十万坪,地铁：距1号线古城站600米
2570,14,11425-B,3室1卫,6/6层,大兴区,西红门,兴海家园日苑,地铁：距4号线大兴线西红门站350米
,,,,,,,,
1970,11,148128-D,4室1卫,2/11层,大兴区,五福堂,菊源北里,地铁：距8号线南段五福堂站750米
1890,13,150178-C,3室1卫,27/28层,通州区,同济南路,宏仁家园,地铁：距亦庄线同济南路站3100米
2300,11,133054-A,4室1卫,4/6层,大兴区,亦庄桥,贵园北里甲区,地铁：距亦庄线亦庄桥站550米
3600,11,151541-B,2室1卫,5/18层,朝阳区,东大桥,东大桥路,"地铁：距6号线,17号线东大桥站500米"
2620,16,153497-B,2室1卫,1/6层,大兴区,西红门,兴海家园星苑,地铁：距4号线大兴线西红门站650米
2470,10,154233-A,2室1卫,3/6层,丰台区,丰台东大街,北大地四里,地铁：距9号线丰台东大街站900米
2170,11,154559-B,3室1卫,2/6层,大兴区,枣园,枣园小区,地铁：距4号线大兴线枣园站450米
2300,12,154400-B,3室1卫,12/21层,朝阳区,小红门,江南山水,地铁：距亦庄线小红门站1150米
2590,11,138589-B,4室1卫,16/27层,石景山区,八宝山,远洋山水,地铁：距1号线八宝山站650米
2460,8,4140-A,2室1卫,9/12层,丰台区,宋家庄,怡和世家,"地铁：距5号线,10号线,亦庄线宋家庄站950米"
2470,10,1020-D,4室2卫,1/20层,昌平区,天通苑南,天通苑西一区,地铁：距5号线天通苑南站150米
2770,13,16783-C,4室1卫,1/14层,朝阳区,百子湾,沿海赛洛城,地铁：距7号线百子湾站650米
2110,8,51867-A,3室1卫,1/5层,丰台区,大红门,苗圃东里,"地铁：距8号线南段,10号线大红门站250米"
3160,9,61062-A,3室1卫,17/28层,朝阳区,望京,望京新城,"地铁：距14号线东段,15号线望京站300米"
3280,14,24942-C,4室1卫,4/18层,东城区,广渠门外,CBD总部公寓二期,"地铁：距7号线,17号线广渠门外站750米"
2230,10,5176-D,4室1卫,1/6层,昌平区,天通苑南,太平家园,地铁：距5号线天通苑南站450米
2470,8,9584-C,4室1卫,7/11层,丰台区,角门西,瑞丽江畔,"地铁：距10号线,4号线大兴线角门西站350米"
2060,9,74344-C,4室1卫,11/15层,朝阳区,管庄,东一时区,地铁：距八通线管庄站1200米
2860,14,69457-B,4室1卫,1/27层,朝阳区,常营,富力阳光美园,地铁：距6号线常营站650米
2000,10,41428-B,2室1卫,3/5层,通州区,九棵树,新城东里,地铁：距6号线通运门站800米
3130,9,1883-B,2室1卫,6/6层,朝阳区,光熙门,西坝河北里,地铁：距13号线光熙门站500米
2290,9,5202-C,3室1卫,6/6层,朝阳区,十里堡,石佛营西里,地铁：距6号线十里堡站1150米
2230,10,58566-A,2室1卫,4/6层,朝阳区,常营,管庄北一里,地铁：距6号线常营站950米
1910,12,70759-C,3室1卫,5/6层,大兴区,枣园,枣园东里,地铁：距4号线大兴线枣园站200米
2670,10,76620-A,2室1卫,10/16层,朝阳区,青年路,甘露家园,地铁：距6号线青年路站700米
2540,14,51007-C,3室1卫,4/6层,海淀区,玉泉路,玉泉路65号院,地铁：距1号线玉泉路站850米
1660,14,22032-B,3室1卫,6/6层,通州区,通州北关,东潞苑,地铁：距6号线通州北关站2350米
2250,6,3947-B,3室1卫,2/18层,朝阳区,青年路,青年汇佳园,地铁：距6号线青年路站250米
1750,8,129026-A,2室1卫,1/5层,通州区,果园,后南仓,地铁：距八通线果园站1050米
2840,12,7155-B,3室1卫,6/14层,朝阳区,大郊亭,建工动力苑,地铁：距7号线百子湾站600米
2150,10,26304-B,3室1卫,4/18层,朝阳区,小红门,鸿博家园一期A区,地铁：距亦庄线小红门站900米
1950,13,158369-C,3室1卫,5/9层,通州区,梨园,紫光花园,地铁：距八通线梨园站1000米
2440,11,27778-D,4室1卫,3/6层,朝阳区,褡裢坡,定福家园北里,地铁：距6号线褡裢坡站200米
2110,10,21955-C,3室1卫,5/18层,朝阳区,管庄,管庄新村,地铁：距八通线管庄站600米
1840,10,27568-C,4室1卫,6/6层,丰台区,火箭万源,清乐园,地铁：距8号线南段火箭万源站1250米
1790,9,27386-B,3室1卫,3/18层,朝阳区,东坝中街,金泽家园B区,地铁：距6号线褡裢坡站3700米
2840,22,78667-C,3室1卫,1/17层,通州区,九棵树,蓝山国际公寓,地铁：距八通线九棵树站500米
1760,10,116933-A,3室1卫,13/24层,通州区,临河里,华业东方玫瑰,地铁：距八通线临河里站650米
2070,9,75317-B,4室1卫,18/20层,石景山区,古城,古城现代嘉园,地铁：距1号线古城站1250米
2760,20,135585-B,3室1卫,1/6层,朝阳区,黄渠,常营民族家园CDF区,地铁：距6号线黄渠站750米
2350,11,25978-B,4室1卫,4/6层,昌平区,回龙观东大街,龙锦苑东二区,地铁：距8号线回龙观东大街站650米
1840,9,61759-B,3室1卫,18/21层,通州区,土桥,方恒东景,地铁：距八通线土桥站250米
2070,8,68886-C,3室1卫,3/6层,昌平区,回龙观东大街,霍营小区,地铁：距8号线回龙观东大街站850米
2730,12,3882-D,4室1卫,3/28层,朝阳区,劲松,农光东里,地铁：距10号线劲松站700米
2400,15,6861-B,3室1卫,10/10层,朝阳区,孙河,康营小区29区,地铁：距15号线孙河站1600米
3270,16,3689-A,3室1卫,31/31层,朝阳区,青年路,国美第一城东区,地铁：距6号线青年路站1050米
2380,16,4348-B,3室1卫,4/6层,朝阳区,孙河,康营小区,地铁：距15号线孙河站1000米
2020,11,9163-A,4室1卫,8/9层,通州区,果园,世纪星城,地铁：距八通线果园站950米
2600,9,29204-B,2室1卫,3/6层,丰台区,北京南站,玉林东里三区,"地铁：距4号线大兴线,14号线东段北京南站站1400米"
2160,22,44228-A,2室1卫,1/6层,大兴区,清源路,富强东里,地铁：距4号线大兴线清源路站850米
2100,7,119145-B,3室1卫,4/22层,朝阳区,双桥,金隅康惠园,地铁：距八通线双桥站600米
2330,10,36271-B,3室1卫,21/21层,朝阳区,小红门,鸿博家园二期C区,地铁：距亦庄线小红门站550米
3220,14,133624-C,3室1卫,18/20层,朝阳区,立水桥南,北苑家园望春园,地铁：距5号线立水桥南站600米
4040,12,116578-B,4室1卫,15/24层,海淀区,知春里,都市网景,地铁：距10号线知春里站700米
3370,11,156440-C,4室2卫,15/18层,东城区,广渠门内,东方财富,地铁：距7号线广渠门内站200米
2390,10,31013-B,3室1卫,2/28层,朝阳区,小红门,鸿博家园一期A区,地铁：距亦庄线小红门站900米
2750,8,78974-C,3室1卫,22/28层,海淀区,西二旗,回龙观新村西区,"地铁：距13号线,昌平线西二旗站1050米"
2060,9,122076-B,4室1卫,4/11层,朝阳区,管庄,远洋一方润园2号院,地铁：距八通线管庄站950米
5690,27,131622-B,3室1卫,5/22层,朝阳区,大望路,盛世嘉园,"地铁：距1号线,14号线东段大望路站500米"
2590,10,1030-B,3室1卫,12/24层,丰台区,石榴庄,彩虹城四区,地铁：距10号线石榴庄站700米
3340,13,6710-B,4室1卫,15/16层,朝阳区,立水桥,世华泊郡,"地铁：距13号线,5号线立水桥站1050米"
1900,9,125446-C,3室1卫,10/16层,昌平区,沙河,兆丰家园,地铁：距昌平线沙河站600米
1990,7,53754-A,3室1卫,3/6层,丰台区,海户屯,西罗园南里,地铁：距8号线南段海户屯站650米
3040,13,134494-C,3室1卫,10/31层,朝阳区,传媒大学,珠江绿洲家园,地铁：距八通线传媒大学站550米
2430,11,35668-B,3室1卫,13/15层,海淀区,永丰,友谊嘉园三期,地铁：距16号线永丰站2150米
2660,8,64667-B,4室1卫,1/21层,海淀区,西二旗,回龙观新村西区,"地铁：距13号线,昌平线西二旗站1050米"
2500,13,10128-C,4室1卫,9/28层,通州区,物资学院路,新建村小区,地铁：距6号线物资学院路站550米
2200,13,18056-C,3室1卫,1/11层,朝阳区,孙河,康营小区5区,地铁：距15号线孙河站950米
2570,20,52340-A,3室1卫,7/14层,通州区,通州北关,财富东方,地铁：距6号线通州北关站800米
2130,8,123499-C,3室1卫,9/28层,朝阳区,垡头,垡头翠城馨园北区,地铁：距7号线垡头站650米
2640,17,147699-B,2室1卫,3/4层,朝阳区,垡头,垡头西里,地铁：距7号线欢乐谷景区站1150米
2480,10,19499-A,2室1卫,3/16层,丰台区,新宫,公园懿府,"地铁：距4号线大兴线,19号线新宫站2400米"
,,,,,,,,
1970,12,23793-D,4室1卫,21/21层,通州区,通州北关,富力惠兰美居,地铁：距6号线通州北关站3100米
3700,17,68014-A,3室1卫,1/6层,海淀区,车道沟,车道沟南里,地铁：距10号线车道沟站800米
2570,14,2050-A,4室1卫,16/18层,昌平区,回龙观东大街,紫金新干线四期,地铁：距8号线回龙观东大街站1400米
1740,10,23002-B,3室1卫,4/5层,大兴区,天宫院,天堂河,地铁：距4号线大兴线天宫院站650米
2920,17,45422-B,2室1卫,6/6层,石景山区,杨庄,苹果园小区一区,"地铁：距1号线,6号线苹果园站1300米"
2300,11,153535-B,2室1卫,1/18层,大兴区,枣园,兴盛街187号院,地铁：距4号线大兴线枣园站1250米
2400,12,27156-D,5室1卫,2/6层,昌平区,龙泽,北京人家,地铁：距13号线龙泽站1500米
1890,13,141875-B,4室1卫,13/14层,房山区,长阳,长阳国际城,地铁：距房山线长阳站800米
2080,12,25753-B,3室1卫,15/16层,昌平区,沙河,兆丰家园,地铁：距昌平线沙河站600米
3280,7,145340-C,3室1卫,9/25层,朝阳区,太阳宫,木星园,"地铁：距10号线,17号线太阳宫站150米"
1880,14,26322-B,4室1卫,17/20层,丰台区,张郭庄,红山郡,地铁：距14号线西段张郭庄站1750米
2440,8,146248-B,3室1卫,5/6层,朝阳区,北工大西门,双龙南里,地铁：距14号线东段北工大西门站450米
2130,12,151300-B,3室1卫,12/28层,通州区,土桥,华远铭悦,地铁：距八通线土桥站950米
2370,11,9378-A,4室1卫,18/28层,通州区,物资学院路,新建村小区,地铁：距6号线物资学院路站550米
2880,16,155533-B,3室1卫,3/6层,昌平区,龙泽,北郊农场宿舍,地铁：距13号线龙泽站900米
2180,12,34689-D,4室1卫,4/6层,朝阳区,孙河,康营小区C区,地铁：距15号线孙河站1350米
2290,12,7910-C,3室1卫,5/11层,朝阳区,孙河,康营小区29区,地铁：距15号线孙河站1600米
2400,13,6089-B,4室1卫,6/6层,昌平区,育知路,云趣园三区,地铁：距8号线育知路站850米
3060,10,150742-B,2室1卫,4/5层,东城区,广渠门外,双花园西里,"地铁：距7号线,17号线广渠门外站400米"
2140,11,883-A,4室1卫,2/16层,朝阳区,管庄,管庄新村,地铁：距八通线管庄站600米
3210,14,149799-A,2室1卫,4/6层,朝阳区,马泉营,马南里,地铁：距15号线马泉营站1350米
2430,11,41770-A,2室1卫,6/9层,朝阳区,孙河,康营小区29区,地铁：距15号线孙河站1600米
2150,12,5480-B,3室1卫,12/18层,朝阳区,管庄,管庄新村,地铁：距八通线管庄站600米
2220,10,409-D,4室1卫,25/27层,朝阳区,常营,富力阳光美园,地铁：距6号线常营站650米
1880,9,21230-C,3室1卫,2/22层,朝阳区,东坝中街,北京城建福润四季,地铁：距3号线东坝中街站2800米
3250,18,44286-B,2室1卫,4/5层,西城区,广安门内,广安门外南街,地铁：距7号线广安门内站1150米
2610,13,28167-B,5室2卫,6/6层,朝阳区,高碑店,兴隆家园,地铁：距八通线高碑店站600米
2520,13,53820-B,3室1卫,9/26层,朝阳区,管庄,京通苑阳光华苑,地铁：距八通线管庄站500米
2770,8,58076-B,2室1卫,8/22层,朝阳区,潘家园,华威西里,地铁：距10号线潘家园站650米
2830,11,9584-D,4室1卫,7/11层,丰台区,角门西,瑞丽江畔,"地铁：距10号线,4号线大兴线角门西站350米"
2840,15,130484-D,4室1卫,4/6层,朝阳区,高碑店,兴隆家园,地铁：距八通线高碑店站600米
2830,20,10506-C,3室1卫,7/22层,丰台区,木樨园,东木樨园小区,地铁：距8号线南段木樨园站550米
2740,12,26652-A,3室1卫,9/22层,西城区,广安门内,荣宁园,地铁：距7号线广安门内站1800米
2710,13,10984-C,3室1卫,23/24层,西城区,达官营,政泰家园,"地铁：距7号线,16号线达官营站1900米"
2190,9,45392-B,2室1卫,3/6层,朝阳区,管庄,双桥东路6号院,地铁：距八通线管庄站500米
1790,12,46305-D,4室1卫,6/6层,昌平区,天通苑东,燕城苑南区,地铁：距17号线天通苑东站1700米
1720,10,65398-C,3室1卫,8/24层,通州区,果园,通广嘉园,地铁：距八通线果园站1450米
2070,7,1166-B,4室1卫,29/31层,朝阳区,高碑店,金隅汇星苑,地铁：距6号线青年路站1450米
2570,10,9365-B,3室1卫,15/22层,朝阳区,高碑店,兴隆家园,地铁：距八通线高碑店站600米
2530,12,134681-C,3室1卫,21/27层,通州区,物资学院路,新建村二期,地铁：距6号线物资学院路站550米
3210,20,40725-C,5室1卫,7/13层,昌平区,天通苑,天通苑北二区,地铁：距5号线天通苑站1000米
2430,10,8416-B,3室1卫,15/18层,朝阳区,褡裢坡,泰福苑二区,地铁：距6号线褡裢坡站700米
1910,13,71659-B,3室1卫,5/15层,大兴区,德茂,瀛海家园和园,地铁：距8号线南段德茂站950米
2040,24,12014-E,5室1卫,2/6层,通州区,物资学院路,永顺西里,地铁：距6号线物资学院路站1150米
2880,11,122110-A,2室1卫,13/14层,朝阳区,劲松,劲松二区,地铁：距10号线劲松站600米
2750,10,55579-B,4室1卫,7/10层,海淀区,永丰南,永旺家园一区,地铁：距16号线永丰南站250米
1970,8,140674-A,2室1卫,3/5层,大兴区,清源路,富强东里,地铁：距4号线大兴线清源路站850米
1840,10,38085-B,3室1卫,2/16层,顺义区,花梨坎,天裕昕园,地铁：距15号线花梨坎站2550米
1980,12,137267-A,3室1卫,8/12层,通州区,梨园,新城阳光,地铁：距八通线梨园站450米
2690,11,63217-B,3室1卫,2/6层,朝阳区,劲松,劲松八区,地铁：距10号线劲松站1100米
2270,9,31115-A,3室1卫,9/10层,海淀区,永丰,大牛坊3期,地铁：距16号线永丰站1850米
1810,13,124950-A,2室1卫,19/20层,房山区,良乡大学城,五矿铭品,地铁：距房山线良乡大学城站1250米
2930,15,138101-A,3室1卫,4/6层,海淀区,西二旗,龙兴园南区,"地铁：距13号线,昌平线西二旗站1700米"
2430,13,74344-A,4室1卫,11/15层,朝阳区,管庄,东一时区,地铁：距八通线管庄站1200米
2080,13,45407-B,2室1卫,2/6层,大兴区,西红门,福星花园,地铁：距4号线大兴线西红门站1900米
2300,11,58869-B,4室1卫,3/21层,朝阳区,小红门,鸿博家园一期C区,地铁：距亦庄线小红门站1400米
2130,9,42261-B,2室1卫,6/6层,大兴区,旧宫,清欣园,地铁：距亦庄线旧宫站1650米
1820,10,32155-D,6室1卫,6/6层,大兴区,高米店南,康颐园,地铁：距4号线大兴线高米店南站300米
1450,13,56186-C,4室1卫,4/6层,顺义区,俸伯,裕龙六区,地铁：距15号线俸伯站1650米
1820,13,116947-C,4室1卫,4/6层,通州区,临河里,梨园东里,地铁：距八通线临河里站1050米
2410,10,2797-B,3室1卫,5/28层,通州区,物资学院路,新建村小区,地铁：距6号线物资学院路站550米
2700,12,116500-C,4室1卫,14/26层,丰台区,方庄,芳城园一区,地铁：距14号线东段方庄站550米
,,,,,,,,
1370,13,61030-B,3室1卫,9/13层,房山区,苏庄,佳世苑小区,地铁：距房山线苏庄站650米
2520,9,66720-A,2室1卫,1/6层,丰台区,刘家窑,贾家花园,地铁：距5号线刘家窑站650米
3190,16,11622-B,3室1卫,12/21层,朝阳区,星火,姚家园东里8号院,"地铁：距3号线,20号线星火站800米"
1780,7,17096-A,4室1卫,20/29层,大兴区,生物医药基地,金科天籁城,地铁：距4号线大兴线生物医药基地站550米
2030,18,11751-C,3室1卫,6/6层,顺义区,石门,宏城花园,地铁：距15号线石门站300米
3770,19,120409-A,2室1卫,13/21层,朝阳区,十里堡,十里堡北里,地铁：距6号线十里堡站250米
3390,9,121125-A,3室1卫,1/6层,海淀区,魏公村,民族歌舞团宿舍,地铁：距4号线大兴线魏公村站450米
1630,10,72203-A,3室1卫,5/6层,通州区,梨园,云景西里,地铁：距八通线梨园站750米
2690,8,25320-C,3室1卫,1/28层,海淀区,西二旗,回龙观新村中区,"地铁：距13号线,昌平线西二旗站1100米"
2130,8,10921-B,4室1卫,14/14层,顺义区,花梨坎,满庭芳嘉园,地铁：距15号线花梨坎站850米
2110,9,148027-A,2室1卫,4/6层,丰台区,郭庄子,五里店9号院,地铁：距14号线西段郭庄子站850米
1920,17,30824-A,3室1卫,5/6层,顺义区,顺义,石园北区,地铁：距15号线顺义站1950米
2540,11,68127-C,3室1卫,11/24层,丰台区,方庄,方安苑小区,地铁：距14号线东段方庄站1000米
1750,10,124342-C,3室1卫,1/6层,顺义区,石门,交通局家属楼,地铁：距15号线石门站450米
1990,17,124648-C,4室1卫,6/6层,昌平区,南邵,北京风景,地铁：距昌平线南邵站900米
2650,13,1539-B,3室1卫,7/21层,朝阳区,常营,北辰福第中区,地铁：距6号线常营站450米
4160,19,19921-C,4室1卫,4/15层,朝阳区,柳芳,东土城路甲3号院,地铁：距13号线柳芳站100米
,,,,,,,,
3080,18,1418-C,4室1卫,16/28层,朝阳区,星火,姚家园东里7号院,"地铁：距3号线,20号线星火站800米"
3040,11,73586-C,4室1卫,28/32层,朝阳区,北苑,中铁国际城,地铁：距13号线北苑站650米
2670,15,60559-A,4室1卫,6/28层,朝阳区,草房,住欣家园,地铁：距6号线草房站450米
2010,16,59813-B,3室1卫,5/6层,通州区,临河里,梨园东里,地铁：距八通线临河里站1050米
2270,9,116767-B,3室1卫,5/6层,朝阳区,管庄,东会新村,地铁：距八通线管庄站150米
2880,18,142593-B,3室1卫,4/18层,石景山区,八宝山,永乐东区,地铁：距1号线八宝山站700米
2420,18,78-C,5室2卫,6/6层,昌平区,天通苑南,天通苑六区,地铁：距5号线天通苑南站1050米
2060,8,10690-C,3室1卫,9/10层,丰台区,丰台南路,新华街五里,地铁：距9号线丰台南路站700米
3920,11,148594-A,4室1卫,5/24层,海淀区,牡丹园,华盛家园,"地铁：距10号线,19号线牡丹园站600米"
5170,53,80946-A,1室1卫,8/17层,丰台区,北京南站,南三环中路71号院,"地铁：距4号线大兴线,14号线东段北京南站站900米"
3070,15,119737-A,2室1卫,1/19层,丰台区,刘家窑,刘家窑东里,地铁：距5号线刘家窑站450米
1610,12,134842-B,3室1卫,9/18层,房山区,良乡大学城北,智汇雅苑,地铁：距房山线良乡大学城北站450米
2830,7,380-D,4室2卫,5/20层,朝阳区,九龙山,珠江帝景,"地铁：距7号线,14号线东段九龙山站400米"
2060,9,17173-A,3室1卫,25/27层,大兴区,义和庄,恒大未来城,地铁：距4号线大兴线义和庄站400米
2750,15,47661-D,4室1卫,15/21层,丰台区,丰台东大街,正阳北里,地铁：距9号线丰台东大街站700米
3020,16,72371-C,6室2卫,1/16层,丰台区,公益西桥,枫竹苑二区,地铁：距4号线大兴线公益西桥站350米
3060,12,67052-D,4室1卫,13/22层,丰台区,六里桥东,威尔夏大道,地铁：距9号线六里桥东站800米
2770,12,133205-B,4室1卫,2/10层,丰台区,公益西桥,三星庄园,地铁：距4号线大兴线公益西桥站1100米
1540,5,59415-B,4室1卫,3/6层,通州区,万盛东,阿尔法社区,地铁：距7号线万盛东站1300米
2800,16,2075-D,4室1卫,5/19层,朝阳区,潘家园,嘉禾园小区,地铁：距10号线潘家园站1050米
2880,19,78252-D,4室1卫,18/24层,海淀区,五棵松,青塔中街44号院,地铁：距1号线五棵松站1700米
2890,10,1383-B,3室1卫,27/28层,朝阳区,潘家园,百环花园,地铁：距10号线潘家园站250米
1940,10,137272-A,2室1卫,1/6层,大兴区,黄村火车站,义和庄北里,地铁：距4号线大兴线黄村火车站站600米
3340,23,128579-D,5室1卫,3/13层,丰台区,樊羊路,益辰欣园,地铁：距房山线樊羊路站450米
3340,14,138787-B,2室1卫,6/18层,朝阳区,团结湖,朝阳公园西里南区,"地铁：距3号线,10号线团结湖站700米"
2280,10,8494-A,3室1卫,3/6层,丰台区,大红门,建欣苑四里,"地铁：距8号线南段,10号线大红门站550米"
2390,11,11243-B,3室1卫,19/22层,通州区,物资学院路,新建村小区,地铁：距6号线物资学院路站550米
6040,41,56525-A,1室1卫,14/18层,朝阳区,金台路,道家园,"地铁：距6号线,14号线东段金台路站700米"
2000,16,33184-D,4室1卫,6/6层,丰台区,火箭万源,清和园,地铁：距8号线南段火箭万源站1450米
1930,8,962-B,4室1卫,6/6层,朝阳区,黄渠,常营民族家园CDF区,地铁：距6号线黄渠站750米
2940,16,26791-D,4室2卫,10/25层,丰台区,方庄,芳城园一区,地铁：距14号线东段方庄站550米
2760,8,144288-B,2室1卫,5/6层,海淀区,上地,六二一小区,地铁：距13号线上地站500米
1260,12,25852-B,4室1卫,1/6层,房山区,苏庄,佳世苑小区,地铁：距房山线苏庄站650米
3700,14,153642-B,2室1卫,2/19层,东城区,建国门,东总布胡同19号院,"地铁：距1号线,2号线建国门站450米"
2260,9,67198-A,2室1卫,4/6层,朝阳区,管庄,双会小区,地铁：距八通线管庄站50米
2240,11,44379-C,3室1卫,2/6层,通州区,物资学院路,新建村小区,地铁：距6号线物资学院路站550米
2040,19,151411-D,4室1卫,8/12层,通州区,土桥,金隅花石匠,地铁：距八通线土桥站1100米
2380,17,17804-A,3室1卫,6/6层,朝阳区,常营,连心园西区,地铁：距6号线常营站800米
3030,11,122624-C,4室1卫,1/16层,海淀区,西钓鱼台,定慧东里,地铁：距10号线西钓鱼台站1000米
2180,17,148105-A,2室1卫,5/6层,通州区,万盛东,群芳三园,地铁：距7号线万盛东站1100米
2300,28,44228-B,2室1卫,1/6层,大兴区,清源路,富强东里,地铁：距4号线大兴线清源路站850米
1790,11,146372-B,3室1卫,1/20层,顺义区,顺义,幸福东区,地铁：距15号线顺义站350米
1670,9,77732-C,4室1卫,8/11层,通州区,通运门,京贸家园,地铁：距6号线通运门站2650米
2790,13,138176-D,4室1卫,5/6层,朝阳区,潘家园,松榆西里,地铁：距10号线潘家园站650米
1790,8,143995-C,4室1卫,16/16层,丰台区,东高地,蓝天怡景,地铁：距8号线南段东高地站1450米
2720,9,131975-B,2室1卫,4/6层,朝阳区,成寿寺,苇子坑22号院,地铁：距10号线成寿寺站550米
2040,10,2336-C,5室1卫,6/6层,朝阳区,黄渠,常营民族家园CDF区,地铁：距6号线黄渠站750米
3110,13,2687-C,3室1卫,19/34层,昌平区,龙泽,融泽嘉园8号院,"地铁：距13号线,昌平线西二旗站1300米"
2620,8,60736-A,3室1卫,9/10层,海淀区,永丰南,永旺家园一区,地铁：距16号线永丰南站250米
2080,10,1382-B,3室1卫,8/18层,朝阳区,管庄,管庄新村,地铁：距八通线管庄站600米
2920,10,57684-B,2室1卫,2/6层,朝阳区,潘家园,潘家园东里,地铁：距10号线潘家园站700米
2230,9,2050-C,4室1卫,16/18层,昌平区,回龙观东大街,紫金新干线四期,地铁：距8号线回龙观东大街站1400米
2550,8,65857-C,4室1卫,4/10层,海淀区,永丰南,永旺家园一区,地铁：距16号线永丰南站250米
2490,12,3603-B,3室1卫,20/21层,朝阳区,欢乐谷景区,金蝉南里,地铁：距7号线欢乐谷景区站500米
2980,19,5022-B,3室1卫,1/6层,昌平区,平西府,龙回苑,地铁：距8号线平西府站600米
2590,18,19027-A,3室1卫,11/13层,朝阳区,欢乐谷景区,垡头西里二区,地铁：距7号线欢乐谷景区站800米
2730,18,1902-C,3室1卫,5/12层,通州区,物资学院路,新建村小区,地铁：距6号线物资学院路站550米
1950,8,21565-C,4室1卫,3/21层,丰台区,樊羊路,花香东苑,地铁：距房山线樊羊路站450米
2700,14,149955-A,2室1卫,23/28层,通州区,通州北关,财富东方,地铁：距6号线通州北关站800米
,,,,,,,,
2230,10,45898-B,3室1卫,20/25层,石景山区,八角游乐园,融景城东区,地铁：距1号线八角游乐园站1450米
2350,15,142379-A,3室1卫,5/18层,通州区,梨园,新城阳光,地铁：距八通线梨园站450米
3100,14,10642-C,3室2卫,19/28层,西城区,达官营,恒昌花园,"地铁：距7号线,16号线达官营站300米"
3070,10,14424-B,4室1卫,8/19层,昌平区,龙泽,回龙观新村东区,"地铁：距13号线,昌平线西二旗站1250米"
3200,16,8118-B,3室1卫,6/35层,朝阳区,四惠,都会华庭,"地铁：距1号线,八通线四惠站750米"
5320,20,139287-B,3室1卫,16/27层,朝阳区,望京南,朝庭公寓,地铁：距14号线东段望京南站400米
2430,18,140445-C,3室1卫,21/24层,通州区,通州北关,东潞苑,地铁：距6号线通州北关站2350米
2960,16,13190-B,3室1卫,1/6层,朝阳区,常营,连心园西区,地铁：距6号线常营站800米
3850,29,137774-A,5室1卫,2/16层,朝阳区,青年路,珠江罗马嘉园西区,地铁：距6号线青年路站500米
2100,19,10789-A,2室1卫,3/5层,通州区,土桥,制线厂家属楼,地铁：距八通线土桥站150米
2000,8,1926-C,3室1卫,2/17层,丰台区,新宫,德鑫嘉园三期,"地铁：距4号线大兴线,19号线新宫站850米"
2560,11,74201-C,3室1卫,2/6层,朝阳区,立水桥南,佳运园一期,"地铁：距13号线,5号线立水桥站1250米"
3700,12,33254-B,3室1卫,16/23层,朝阳区,将台,芳园里,地铁：距14号线东段将台站300米
2400,9,21447-C,3室1卫,7/10层,丰台区,新宫,德鑫嘉园二期,"地铁：距4号线大兴线,19号线新宫站700米"
2980,9,151490-C,3室1卫,6/21层,昌平区,回龙观东大街,首开国风美唐二期,地铁：距8号线回龙观东大街站200米
2940,13,12083-A,4室1卫,3/6层,朝阳区,潘家园,潘家园南里,地铁：距10号线潘家园站950米
2310,17,64848-B,4室1卫,6/6层,通州区,北运河西,水仙园,地铁：距6号线北运河西站1350米
2270,15,14199-B,5室2卫,9/9层,通州区,果园,世纪星城,地铁：距八通线果园站950米
2750,12,9988-B,3室1卫,7/15层,丰台区,石榴庄,彩虹城二区,地铁：距10号线石榴庄站900米
2170,15,141294-C,4室1卫,3/6层,大兴区,旧宫,佳和园新区,地铁：距亦庄线旧宫站1200米
8900,81,146257-A,2室1卫,9/22层,朝阳区,百子湾,石门新居,地铁：距7号线百子湾站250米
1320,10,125900-A,3室1卫,8/11层,房山区,良乡大学城西,紫汇家园,地铁：距房山线良乡大学城西站550米
1930,9,23822-A,3室1卫,3/6层,顺义区,国展,翠竹新村,地铁：距15号线国展站1800米
1930,11,140652-B,2室1卫,9/11层,顺义区,石门,龙泉苑小区,地铁：距15号线石门站850米
1620,13,66302-B,3室1卫,2/17层,房山区,良乡大学城北,智汇雅苑,地铁：距房山线良乡大学城北站450米
1810,10,137384-A,3室1卫,4/22层,昌平区,昌平东关,金隅嘉和园,地铁：距昌平线昌平东关站450米
2160,9,10063-B,3室1卫,1/21层,朝阳区,双桥,金隅康惠园,地铁：距八通线双桥站600米
2820,14,139230-C,4室1卫,3/11层,朝阳区,百子湾,沿海赛洛城,地铁：距7号线百子湾站650米
1800,12,77058-C,3室1卫,1/6层,顺义区,石门,石景苑,地铁：距15号线石门站850米
1580,11,61949-C,4室1卫,16/29层,通州区,通州北关,K2清水湾,地铁：距6号线通州北关站1950米
1820,13,34378-A,3室1卫,4/6层,顺义区,石门,石景苑,地铁：距15号线石门站850米
1890,12,76037-C,3室1卫,4/29层,通州区,群芳,海棠湾一期,地铁：距7号线群芳站750米
2590,12,107-C,4室2卫,1/6层,昌平区,育知路,龙禧苑五区,地铁：距8号线育知路站850米
1920,11,40514-A,3室1卫,4/6层,朝阳区,八里桥,竹木厂小区,地铁：距八通线八里桥站750米
3040,9,29766-C,3室1卫,21/24层,朝阳区,东湖渠,望京花园西区,地铁：距14号线东段东湖渠站500米
1970,11,146188-B,2室1卫,4/11层,房山区,稻田,长景新园,地铁：距房山线稻田站350米
1580,11,146154-A,3室1卫,5/6层,通州区,梨园,玉桥西里70号院,地铁：距八通线梨园站550米
2770,25,141431-A,2室1卫,1/6层,丰台区,大红门,苗圃西里,"地铁：距8号线南段,10号线大红门站350米"
1620,10,48341-C,3室1卫,10/11层,通州区,果园,晟世嘉园,地铁：距八通线果园站1500米
1970,8,19842-B,4室1卫,19/26层,丰台区,樊羊路,花香东苑,地铁：距房山线樊羊路站450米
,,,,,,,,
1590,11,147176-A,2室1卫,4/6层,通州区,通州北关,东潞苑,地铁：距6号线通州北关站2350米
2270,8,47661-C,4室1卫,15/21层,丰台区,丰台东大街,正阳北里,地铁：距9号线丰台东大街站700米
2580,13,48514-D,4室1卫,3/6层,昌平区,霍营,华龙苑南里,"地铁：距8号线,13号线霍营站550米"
3800,15,47172-A,2室1卫,5/6层,海淀区,北沙滩,林萃西里,地铁：距15号线北沙滩站1100米
1830,12,47346-B,4室1卫,5/6层,朝阳区,八里桥,竹木厂小区,地铁：距八通线八里桥站750米
1680,10,8448-C,3室1卫,9/15层,顺义区,石门,石景苑,地铁：距15号线石门站850米
1740,10,79183-C,4室1卫,1/11层,通州区,果园,靓景明居,地铁：距八通线果园站1300米
4000,18,143544-B,2室1卫,4/6层,朝阳区,平乐园,平乐园,地铁：距14号线东段平乐园站450米
2840,21,48707-C,4室1卫,1/5层,大兴区,亦庄文化园,东晶国际,地铁：距亦庄线亦庄文化园站850米
1620,12,116209-A,3室1卫,4/6层,通州区,通州北关,东潞苑,地铁：距6号线通州北关站2350米
1970,10,121404-B,2室1卫,4/5层,通州区,同济南路,神龙辛屯小区,地铁：距亦庄线同济南路站1650米
1670,11,34687-C,3室1卫,9/10层,通州区,通州北关,苏坨新村,地铁：距6号线通州北关站2800米
1700,13,66861-C,3室1卫,3/6层,通州区,北运河西,南小园,地铁：距6号线北运河西站1400米
1370,10,31414-B,4室1卫,9/10层,房山区,苏庄,蓝光星华海悦城,地铁：距房山线苏庄站650米
1950,14,41076-D,5室1卫,5/12层,通州区,北神树,润枫领尚,"地铁：距亦庄线,17号线次渠站3900米"
1990,12,132153-B,2室1卫,11/17层,大兴区,瀛海,永旭嘉园,地铁：距8号线南段瀛海站1200米
1430,7,30968-A,4室1卫,5/18层,丰台区,张郭庄,红山郡,地铁：距14号线西段张郭庄站1750米
2880,8,18582-A,2室1卫,14/19层,大兴区,枣园,中建国际港,地铁：距4号线大兴线枣园站150米
2770,8,39620-B,4室1卫,11/20层,海淀区,西二旗,回龙观新村中区,"地铁：距13号线,昌平线西二旗站1100米"
4140,23,4624-A,3室1卫,7/12层,朝阳区,四惠,通惠家园惠润园,"地铁：距1号线,八通线四惠站650米"
2730,25,48614-C,5室1卫,5/12层,通州区,北神树,润枫领尚,"地铁：距亦庄线,17号线次渠站3900米"
3080,16,820-C,3室1卫,3/9层,朝阳区,星火,姚家园西里1号院,"地铁：距3号线,20号线星火站600米"
1950,22,142625-B,3室1卫,3/6层,昌平区,昌平,北城根小区,地铁：距昌平线昌平站900米
3520,18,139872-D,4室1卫,4/6层,朝阳区,常营,连心园西区,地铁：距6号线常营站800米
1610,9,37039-B,3室1卫,4/6层,大兴区,黄村西大街,黄村西里,地铁：距4号线大兴线黄村西大街站500米
2500,9,23009-A,4室1卫,3/4层,昌平区,回龙观,南店新村,地铁：距8号线育新站1100米
1890,15,39786-A,4室1卫,5/6层,昌平区,昌平,安福苑,地铁：距昌平线昌平站900米
1540,11,52009-A,3室1卫,1/6层,顺义区,石门,澜西园,地铁：距15号线石门站2200米
1630,14,51224-B,4室1卫,12/12层,顺义区,石门,澜西园,地铁：距15号线石门站2200米
2420,8,3618-B,3室1卫,27/27层,朝阳区,褡裢坡,泰福苑二区,地铁：距6号线褡裢坡站700米
3030,12,6020-C,3室1卫,8/29层,朝阳区,东湖渠,望馨花园,地铁：距14号线东段东湖渠站550米
2130,9,2405-B,4室1卫,2/6层,朝阳区,管庄,东会新村,地铁：距八通线管庄站150米
1770,11,60450-B,2室1卫,5/6层,昌平区,昌平,东关北里小区,地铁：距昌平线昌平站1000米
3080,18,46789-C,4室1卫,6/6层,丰台区,角门西,晨新园,"地铁：距10号线,4号线大兴线角门西站300米"
1990,10,36473-A,3室1卫,6/6层,通州区,梨园,梨园新村,地铁：距八通线梨园站550米
1560,11,131275-C,3室1卫,3/6层,大兴区,义和庄,车站南里,地铁：距4号线大兴线义和庄站1250米
3300,14,46837-A,3室1卫,8/28层,朝阳区,常营,富力阳光美园,地铁：距6号线常营站650米
3040,11,7312-A,3室1卫,1/28层,朝阳区,双井,首城国际,"地铁：距7号线,10号线双井站750米"
1720,11,151186-B,3室1卫,4/6层,顺义区,南法信,华英园（顺义）,地铁：距15号线南法信站800米
2400,20,140750-B,2室1卫,4/6层,通州区,九棵树,葛布店南里,地铁：距八通线九棵树站300米
2000,21,139436-B,3室1卫,5/6层,昌平区,昌平,静心苑,地铁：距昌平线昌平站850米
1940,12,152048-C,3室1卫,13/20层,昌平区,昌平东关,北京怡园,地铁：距昌平线昌平东关站950米
2690,8,7186-B,4室1卫,6/6层,海淀区,马连洼,兰园,地铁：距16号线马连洼站300米
2580,9,1499-C,4室1卫,1/6层,海淀区,西二旗,龙兴园南区,"地铁：距13号线,昌平线西二旗站1700米"
3180,19,11662-B,3室1卫,1/6层,朝阳区,星火,姚家园西里3号院,"地铁：距3号线,20号线星火站350米"
7970,37,48752-A,1室1卫,4/6层,东城区,东直门,十字坡东里,"地铁：距机场线,2号线,13号线东直门站450米"
7560,51,37662-A,1室1卫,9/22层,朝阳区,九龙山,风度柏林,"地铁：距7号线,14号线东段九龙山站500米"
1980,9,52323-C,3室1卫,4/17层,朝阳区,管庄,远洋一方润园6号院,地铁：距八通线管庄站700米
3500,16,815-B,3室1卫,4/14层,朝阳区,三元桥,尚家楼48号院,"地铁：距10号线,12号线,机场线三元桥站550米"
3490,23,12797-B,4室1卫,1/32层,昌平区,天通苑,天通苑西三区,地铁：距5号线天通苑站350米
1970,12,66200-A,3室1卫,12/22层,通州区,群芳,海棠湾二期,地铁：距7号线群芳站850米
2220,7,10040-C,3室2卫,7/13层,朝阳区,草房,北京像素北区,地铁：距6号线草房站400米
2950,13,48404-B,3室1卫,8/11层,丰台区,角门西,瑞丽江畔,"地铁：距10号线,4号线大兴线角门西站350米"
2950,18,8084-B,3室1卫,6/15层,朝阳区,青年路,甘露园南里二区,地铁：距6号线青年路站800米
1490,16,33428-B,4室1卫,1/11层,房山区,篱笆房,加州水郡四期,地铁：距房山线篱笆房站2550米
1750,11,50642-D,4室1卫,3/6层,顺义区,石门,前进花园石门苑,地铁：距15号线石门站800米
1560,9,119721-C,3室1卫,3/6层,通州区,通州北关,北通集团家属楼,地铁：距6号线通州北关站1450米
1650,9,16969-C,3室1卫,5/6层,大兴区,黄村西大街,兴政西里,地铁：距4号线大兴线黄村西大街站400米
1720,7,64094-B,4室1卫,6/11层,通州区,物资学院路,8哩岛,地铁：距6号线物资学院路站800米
1620,9,129584-C,3室1卫,3/4层,通州区,通州北关,北通集团家属楼,地铁：距6号线通州北关站1450米
3500,17,154674-A,2室1卫,16/28层,朝阳区,劲松,农光里,地铁：距10号线劲松站350米
,,,,,,,,
1840,12,20976-C,3室1卫,1/6层,通州区,次渠,府东苑,"地铁：距亦庄线,17号线次渠站1150米"
1800,9,51747-C,3室1卫,1/18层,顺义区,花梨坎,天裕昕园西区,地铁：距15号线花梨坎站2750米
1980,13,71808-B,5室1卫,3/4层,昌平区,朱辛庄,豆各庄新村,"地铁：距昌平线,8号线朱辛庄站1350米"
7220,58,57882-A,1室1卫,4/29层,西城区,达官营,朗琴园,"地铁：距7号线,16号线达官营站450米"
1620,8,45145-B,3室1卫,4/6层,通州区,果园,后南仓,地铁：距八通线果园站1050米
1670,9,129373-B,4室1卫,11/18层,顺义区,花梨坎,天裕昕园西区,地铁：距15号线花梨坎站2750米
1620,8,34765-B,3室1卫,23/29层,通州区,高楼金,新城乐居,地铁：距7号线高楼金站450米
1700,9,114473-A,4室1卫,4/6层,通州区,通州北苑,通惠北路小区,地铁：距八通线通州北苑站1300米
2530,7,56801-C,3室1卫,1/6层,朝阳区,劲松,劲松四区,地铁：距10号线劲松站650米
3720,24,35267-A,4室1卫,15/29层,朝阳区,传媒大学,北花园小区,地铁：距八通线传媒大学站600米
7350,41,140524-A,1室1卫,5/16层,西城区,阜成门,阜成门北大街,地铁：近2号线阜成门
3760,17,142241-C,3室1卫,5/6层,海淀区,万寿路,大件厂宿舍,地铁：距1号线万寿路站400米
1750,10,21415-A,2室1卫,5/6层,通州区,万盛东,群芳三园,地铁：距7号线万盛东站1100米
1980,8,152432-C,3室1卫,1/6层,石景山区,古城,十万坪,地铁：距1号线古城站600米
1850,9,49974-A,4室1卫,5/6层,大兴区,黄村西大街,兴政家园,地铁：距4号线大兴线黄村西大街站300米
1760,12,23677-C,3室1卫,2/20层,顺义区,顺义,双兴东区,地铁：距15号线顺义站900米
2570,7,46147-C,3室1卫,4/6层,朝阳区,劲松,劲松六区,地铁：距10号线劲松站850米
1920,9,67630-B,4室1卫,4/6层,丰台区,火箭万源,云龙家园,地铁：距亦庄线旧宫站2250米
2470,10,147823-C,3室1卫,5/6层,海淀区,五棵松,太平路44号院,地铁：距1号线五棵松站1150米
1920,13,21215-B,5室1卫,2/13层,顺义区,南法信,焦各庄街2号院,地铁：距15号线南法信站950米
1850,10,48223-A,3室1卫,3/6层,大兴区,黄村西大街,三合南里社区（大兴）,地铁：距4号线大兴线黄村西大街站700米
2810,27,79869-A,4室1卫,4/6层,昌平区,龙泽,龙兴园西区,地铁：距13号线龙泽站1950米
3450,15,32078-C,4室1卫,6/6层,海淀区,马连洼,菊园,地铁：距13号线上地站2500米
1570,8,81147-D,4室1卫,5/12层,通州区,通运门,京贸家园,地铁：距6号线通运门站2650米
3340,17,129969-B,3室1卫,1/11层,昌平区,龙泽,龙兴园西区,地铁：距13号线龙泽站1950米
1620,11,26524-A,4室1卫,5/6层,通州区,通州北关,东潞苑,地铁：距6号线通州北关站2350米
1990,27,11409-A,3室1卫,6/6层,通州区,果园,翠屏北里东区,地铁：距八通线果园站400米
4360,22,129894-D,4室1卫,3/11层,朝阳区,立水桥南,华发颐园,地铁：距5号线立水桥南站200米
1690,9,75464-A,3室1卫,4/6层,顺义区,顺义,仓上小区,地铁：距15号线顺义站1900米
1960,10,17285-B,3室1卫,15/28层,大兴区,生物医药基地,住总正华多彩嘉园,地铁：距4号线大兴线生物医药基地站400米
2760,11,26636-C,3室1卫,8/26层,朝阳区,潘家园,农光南里,地铁：距10号线潘家园站250米
3140,11,52988-A,3室1卫,1/6层,朝阳区,望京,南湖中园小区,"地铁：距14号线东段,15号线望京站700米"
,,,,,,,,
2690,12,1137-D,5室1卫,1/6层,昌平区,龙泽,通达园,地铁：距13号线龙泽站950米
1920,11,137666-B,4室1卫,4/6层,顺义区,石门,前进花园玉兰苑,地铁：距15号线石门站650米
3650,15,52458-A,3室1卫,2/6层,朝阳区,望京,南湖中园小区,"地铁：距14号线东段,15号线望京站700米"
,,,,,,,,
2630,18,154132-B,2室1卫,5/6层,通州区,通州北苑,中山大街108号院,地铁：距八通线通州北苑站750米
2020,10,1086-B,3室1卫,17/18层,朝阳区,管庄,管庄新村,地铁：距八通线管庄站600米
2740,16,21567-A,3室1卫,7/28层,朝阳区,黄渠,泰福苑三区,地铁：距6号线黄渠站500米
2550,15,298-B,3室1卫,3/6层,大兴区,亦庄文化园,新康家园,地铁：距亦庄线亦庄文化园站750米
2480,16,8151-B,3室1卫,3/6层,大兴区,亦庄文化园,新康家园,地铁：距亦庄线亦庄文化园站750米
1810,10,143995-D,4室1卫,16/16层,丰台区,东高地,蓝天怡景,地铁：距8号线南段东高地站1450米
2520,15,146437-B,3室1卫,1/5层,石景山区,八角游乐园,石景山路23号院,地铁：距1号线八角游乐园站200米
1850,12,119447-A,3室1卫,20/21层,通州区,高楼金,新城乐居,地铁：距7号线高楼金站450米
2630,17,28-B,5室2卫,6/6层,朝阳区,北苑,广华居,地铁：距13号线北苑站1100米
2240,10,77052-B,3室1卫,15/18层,丰台区,大井,彩虹嘉园,地铁：距14号线西段大井站800米
1620,10,43546-A,3室1卫,5/6层,通州区,梨园,云景西里,地铁：距八通线梨园站750米
2050,10,1210-B,3室1卫,6/18层,朝阳区,管庄,管庄新村,地铁：距八通线管庄站600米
4020,22,154431-A,3室1卫,11/12层,石景山区,八角游乐园,时代庐峰,地铁：距1号线八角游乐园站300米
7140,57,51799-A,1室1卫,3/8层,朝阳区,百子湾,沿海赛洛城,地铁：距7号线百子湾站650米
3160,16,8710-A,5室1卫,22/26层,朝阳区,欢乐谷景区,北京华侨城1号院,地铁：距7号线欢乐谷景区站350米
1730,16,52086-B,3室1卫,4/6层,房山区,广阳城,原香小镇二区,地铁：距房山线广阳城站1900米
5340,59,127890-A,1室1卫,6/18层,丰台区,大红门,鑫福里小区,"地铁：距8号线南段,10号线大红门站450米"
1730,7,11594-B,3室1卫,24/27层,通州区,通州北关,K2清水湾,地铁：距6号线通州北关站1950米
2730,17,3256-B,3室1卫,1/6层,朝阳区,管庄,京通苑阳光华苑,地铁：距八通线管庄站500米
1870,17,75817-C,3室1卫,21/21层,房山区,长阳,西悦欣居,地铁：距房山线长阳站1050米
2910,12,149346-A,2室1卫,4/6层,丰台区,丰台南路,韩庄子西里,地铁：距9号线丰台南路站550米
2840,20,5937-C,3室1卫,3/15层,昌平区,天通苑,天通苑西三区,地铁：距5号线天通苑站350米
7640,77,51936-A,1室1卫,12/26层,西城区,广安门内,立恒名苑,地铁：距7号线广安门内站1100米
1900,13,32155-B,6室1卫,6/6层,大兴区,高米店南,康颐园,地铁：距4号线大兴线高米店南站300米
1780,19,40474-B,3室1卫,19/28层,通州区,通州北关,刘庄新村,地铁：距6号线通州北关站2700米
1720,9,152484-A,2室1卫,26/28层,通州区,土桥,华远铭悦,地铁：距八通线土桥站950米
2630,16,11854-C,3室1卫,5/6层,朝阳区,黄渠,常营民族家园三期,地铁：距6号线黄渠站200米
1990,9,17572-A,3室1卫,4/16层,顺义区,花梨坎,枫泉花园,地铁：距15号线花梨坎站700米
1290,10,122355-C,3室1卫,1/6层,房山区,广阳城,小西庄回迁楼,地铁：距房山线广阳城站1300米
3300,16,159155-A,2室1卫,3/18层,朝阳区,潘家园,潘家园东里,地铁：距10号线潘家园站700米
1910,8,59392-C,4室1卫,14/16层,朝阳区,管庄,杨闸新村,地铁：距八通线管庄站650米
3020,9,134539-A,3室1卫,1/9层,东城区,磁器口,兴隆都市馨园,"地铁：距5号线,7号线磁器口站400米"
1850,26,47731-C,4室2卫,5/6层,昌平区,天通苑北,名佳花园一区,地铁：距5号线天通苑北站2500米
1640,12,33229-A,3室1卫,1/6层,顺义区,石门,澜西园,地铁：距15号线石门站2200米
1310,12,125292-D,4室1卫,3/6层,房山区,广阳城,张家场周转房,地铁：距房山线广阳城站1200米
3230,10,154201-A,2室1卫,3/22层,海淀区,公主坟,普惠南里,"地铁：距1号线,10号线公主坟站550米"
5490,59,129963-A,1室1卫,16/20层,朝阳区,褡裢坡,泰福苑二区,地铁：距6号线褡裢坡站700米
3780,10,137165-A,2室1卫,5/6层,朝阳区,安华桥,安华西里一区,"地铁：距8号线,12号线安华桥站350米"
1810,9,155825-C,3室1卫,4/6层,大兴区,黄村西大街,兴华中里,地铁：距4号线大兴线黄村西大街站250米
1910,7,77628-A,2室1卫,2/5层,丰台区,大红门南,大红门南里,地铁：距8号线南段大红门南站200米
2830,9,4725-A,3室1卫,5/6层,朝阳区,望京,南湖中园小区,"地铁：距14号线东段,15号线望京站700米"
3190,15,9138-A,5室1卫,5/28层,朝阳区,潘家园,翌景嘉园,地铁：距10号线潘家园站350米
3070,11,17731-D,4室1卫,4/17层,朝阳区,关庄,嘉铭桐城E区,地铁：距15号线关庄站300米
5390,45,67023-A,1室1卫,10/16层,石景山区,古城,古城南里,地铁：距1号线古城站100米
1480,12,53831-C,4室1卫,5/5层,顺义区,顺义,裕龙一区,地铁：距15号线顺义站1350米
2880,9,1156-C,3室1卫,6/6层,海淀区,西二旗,智学苑,"地铁：距13号线,昌平线西二旗站450米"
2130,8,150293-C,3室1卫,3/6层,大兴区,旧宫,灵秀山庄,地铁：距亦庄线旧宫站900米
3080,16,2670-B,4室1卫,2/6层,昌平区,回龙观,龙腾苑六区,地铁：距13号线回龙观站400米
5170,86,136526-A,2室1卫,3/9层,通州区,梨园,孙王场小区,地铁：距八通线梨园站650米
2870,17,6965-A,3室1卫,2/6层,朝阳区,黄渠,常营民族家园三期,地铁：距6号线黄渠站200米
2350,9,7845-D,4室1卫,1/6层,昌平区,回龙观,南店新村,地铁：距8号线育新站1100米
2370,23,140711-C,4室1卫,8/16层,大兴区,黄村火车站,林校中里,地铁：距4号线大兴线黄村火车站站900米
2860,16,147707-C,3室1卫,4/18层,昌平区,天通苑,天通苑北一区,地铁：距5号线天通苑站350米
3180,26,149455-C,5室2卫,13/14层,顺义区,国展,天竺花园,地铁：距15号线国展站1300米
1840,8,140443-A,2室1卫,20/28层,通州区,通州北关,东潞苑,地铁：距6号线通州北关站2350米
,,,,,,,,
8380,62,9402-A,1室1卫,5/29层,朝阳区,望京东,宝星国际二期,地铁：距15号线望京东站450米
4770,28,2858-C,4室1卫,5/17层,朝阳区,望京,风格雅园,"地铁：距14号线东段,15号线望京站550米"
1940,12,64053-B,4室1卫,5/6层,通州区,九棵树,蓝调沙龙,地铁：距八通线九棵树站550米
2660,15,26058-A,2室1卫,6/6层,石景山区,八宝山,永乐西区,地铁：距1号线八宝山站1000米
1660,10,140711-A,4室1卫,8/16层,大兴区,黄村火车站,林校中里,地铁：距4号线大兴线黄村火车站站900米
5780,45,42355-A,1室1卫,3/6层,朝阳区,平乐园,磨房北里,地铁：距14号线东段平乐园站500米
4330,35,40741-A,1室1卫,1/5层,朝阳区,双桥,东柳西里,地铁：距八通线双桥站900米
4020,37,35840-A,1室1卫,5/5层,顺义区,顺义,建新北区,地铁：距15号线顺义站700米
6690,41,124736-A,1室1卫,11/25层,朝阳区,惠新西街北口,安慧里二区,地铁：距5号线惠新西街北口站900米
6900,38,57082-A,1室1卫,16/18层,西城区,车公庄西,车公庄大街北里,"地铁：距6号线,2号线车公庄站700米"
3500,44,10140-A,1室1卫,5/6层,通州区,北运河西,柳岸景园,地铁：距6号线北运河西站1300米
1520,9,26887-A,2室1卫,6/6层,顺义区,顺义,建新南区,地铁：距15号线顺义站1050米
1220,9,29414-D,4室1卫,3/16层,房山区,篱笆房,天资华府,地铁：距房山线篱笆房站1950米
1570,9,29917-A,4室1卫,5/6层,顺义区,顺义,双兴东区,地铁：距15号线顺义站900米
3050,11,5517-C,4室1卫,11/26层,昌平区,龙泽,融泽嘉园新6号院,地铁：距13号线龙泽站750米
1520,12,152507-B,3室1卫,1/10层,房山区,良乡大学城西,紫汇家园,地铁：距房山线良乡大学城西站550米
1900,9,37024-A,2室1卫,2/16层,顺义区,花梨坎,天裕昕园,地铁：距15号线花梨坎站2550米
4210,19,713-B,5室2卫,25/28层,朝阳区,劲松,华腾园,地铁：距10号线劲松站450米
3040,11,9528-B,4室1卫,17/22层,朝阳区,惠新西街北口,安慧东里,地铁：距5号线惠新西街北口站550米
3280,22,10906-B,4室1卫,10/15层,朝阳区,传媒大学,艺水芳园,地铁：距八通线传媒大学站950米
3300,20,15795-C,4室1卫,1/12层,通州区,北运河西,运河明珠家园,地铁：距6号线北运河西站300米
1490,13,24680-C,3室1卫,5/6层,房山区,良乡南关,罗府家园,地铁：距房山线良乡南关站400米
3620,59,37729-A,1室1卫,4/17层,房山区,广阳城,世茂维拉,地铁：距房山线广阳城站700米
1780,6,6966-B,4室1卫,13/28层,朝阳区,垡头,垡头翠城馨园南区,地铁：距7号线垡头站850米
1730,15,154007-B,2室1卫,9/12层,房山区,良乡大学城北,水碾屯西里,地铁：距房山线良乡大学城北站750米
1840,11,36899-A,3室1卫,2/5层,通州区,通州北关,刘庄新村,地铁：距6号线通州北关站2700米
2680,16,2555-A,3室1卫,2/6层,朝阳区,黄渠,常营民族家园CDF区,地铁：距6号线黄渠站750米
1510,11,141235-B,3室1卫,4/22层,房山区,广阳城,城建广悦居,地铁：距房山线广阳城站750米
3310,22,3455-C,4室1卫,1/6层,昌平区,平西府,田园风光雅苑,地铁：距8号线平西府站350米
9330,95,152005-A,2室1卫,2/6层,东城区,广渠门外,双花园南里一区,"地铁：距7号线,17号线广渠门外站600米"
2640,10,4970-A,3室1卫,4/6层,东城区,广渠门外,建木小区,"地铁：距7号线,17号线广渠门外站300米"
1860,14,42515-B,3室1卫,8/19层,通州区,万盛西,大方居,地铁：距7号线万盛西站1350米
6730,43,69325-A,1室1卫,15/18层,朝阳区,柳芳,柳芳北里社区,地铁：距13号线柳芳站550米
2340,17,10532-C,3室1卫,4/6层,朝阳区,常营,连心园西区,地铁：距6号线常营站800米
2840,14,12095-E,5室1卫,6/12层,朝阳区,成寿寺,中海城风情苑,地铁：距10号线成寿寺站350米
3880,60,152721-A,1室1卫,1/11层,大兴区,荣昌东街,泰河园七里,地铁：距亦庄线荣昌东街站2650米
1480,13,67771-B,3室1卫,2/12层,顺义区,俸伯,仁和花园一区,地铁：距15号线俸伯站2450米
5250,33,67891-A,1室1卫,1/6层,朝阳区,北工大西门,南新园,地铁：距14号线东段北工大西门站600米
1980,11,123720-A,2室1卫,4/6层,通州区,通州北苑,北苑55号院,地铁：距八通线通州北苑站550米
3750,9,69540-B,2室1卫,5/6层,海淀区,西土城,塔院迎春园,"地铁：距10号线,昌平线西土城站400米"
1340,9,41840-B,4室1卫,2/9层,房山区,良乡大学城北,金地朗悦朗园,地铁：距房山线良乡大学城北站800米
1300,9,41437-C,3室1卫,6/10层,房山区,良乡大学城,东羊庄新村,地铁：距房山线良乡大学城站1200米
5720,57,22363-A,1室1卫,18/27层,朝阳区,化工,官悦欣园B区,地铁：距7号线化工站700米
1410,9,32303-B,5室1卫,3/19层,房山区,广阳城,北京城建国誉府,地铁：距房山线广阳城站1200米
1780,8,65154-A,2室1卫,3/6层,顺义区,顺义,东兴一区,地铁：距15号线顺义站400米
3200,13,48154-D,5室1卫,4/12层,朝阳区,传媒大学,珠江绿洲家园,地铁：距八通线传媒大学站550米
3330,46,123829-A,1室1卫,4/6层,通州区,北运河西,美然百度城,地铁：距6号线北运河西站1350米
3070,85,11482-B,3室1卫,1/7层,朝阳区,南楼梓庄,紫南家园（北区）,地铁：距7号线南楼梓庄站300米
3080,18,149205-B,2室1卫,5/6层,丰台区,丰台南路,韩庄子三里,地铁：距9号线丰台南路站600米
3140,18,150484-A,2室1卫,1/6层,丰台区,丰台南路,富丰园小区,地铁：距9号线丰台南路站1100米
6000,40,17904-A,1室1卫,4/28层,海淀区,六道口,双清路2号院,地铁：距15号线六道口站1800米
8100,54,22390-A,1室1卫,2/6层,朝阳区,大望路,阳光100,"地铁：距1号线,14号线东段大望路站400米"
1970,6,1508-B,4室1卫,3/22层,朝阳区,青年路,金隅泰和园,地铁：距6号线青年路站1250米
,,,,,,,,
4000,10,153585-A,2室1卫,3/6层,海淀区,知春里,青云北区,地铁：距10号线知春里站300米
4040,47,69869-A,1室1卫,4/12层,大兴区,天宫院,保利春天派,地铁：距4号线大兴线天宫院站100米
7040,78,18533-A,2室1卫,2/28层,朝阳区,北苑路北,恒大名都,地铁：距5号线北苑路北站1200米
6830,73,53170-A,2室1卫,7/16层,通州区,物资学院路,永顺家园,地铁：距6号线物资学院路站700米
7150,62,18243-A,2室1卫,5/6层,东城区,广渠门外,南水关,"地铁：距7号线,17号线广渠门外站650米"
6490,74,144681-A,2室1卫,1/18层,丰台区,石榴庄,光彩家园,地铁：距10号线石榴庄站300米
6650,37,75480-A,1室1卫,3/6层,朝阳区,双井,双井东院,"地铁：距7号线,10号线双井站150米"
6830,48,34946-A,1室1卫,1/8层,东城区,广渠门内,幸福家园,地铁：距7号线广渠门内站350米
5500,49,59908-A,1室1卫,24/28层,朝阳区,草房,金隅丽景园,地铁：距6号线草房站200米
3960,50,35755-A,1室1卫,8/11层,通州区,北运河西,乔庄东区,地铁：距6号线北运河西站650米
,,,,,,,,
2720,16,147650-C,3室1卫,8/24层,丰台区,丰台南路,新华街五里,地铁：距9号线丰台南路站700米
3760,19,152798-B,3室1卫,3/18层,大兴区,西红门,世嘉博苑,地铁：距4号线大兴线西红门站250米
3490,20,153440-C,3室1卫,4/6层,通州区,果园,翠屏北里西区,地铁：距八通线果园站400米
6140,53,45884-A,1室1卫,10/29层,丰台区,六里桥,玉璞家园,"地铁：距10号线,14号线西段西局站1000米"
3010,21,149548-B,3室1卫,2/6层,昌平区,回龙观东大街,霍营小区,地铁：距8号线回龙观东大街站850米
1380,12,49128-C,4室1卫,3/6层,房山区,良乡大学城西,玉竹园,地铁：距房山线良乡大学城西站400米
1860,10,65235-A,3室1卫,3/6层,顺义区,石门,前进花园牡丹苑,地铁：距15号线石门站300米
2500,16,13916-C,3室1卫,6/6层,朝阳区,草房,连心园东区,地铁：距6号线草房站500米
8320,40,44738-A,1室1卫,11/16层,海淀区,知春路,荣上居,"地铁：距13号线,10号线知春路站400米"
4460,59,140272-A,2室1卫,21/29层,通州区,通州北关,K2清水湾,地铁：距6号线通州北关站1950米
3440,18,158631-A,2室1卫,11/18层,朝阳区,平乐园,磨房北里,地铁：距14号线东段平乐园站500米
3060,17,152119-B,2室1卫,1/6层,丰台区,丰台南路,韩庄子四里,地铁：距9号线丰台南路站450米
3790,33,5616-E,5室1卫,6/6层,朝阳区,青年路,雅成一里,地铁：距6号线青年路站550米
1390,7,16254-D,4室1卫,20/20层,通州区,通州北关,富力惠兰美居,地铁：距6号线通州北关站3100米
5380,47,28974-A,2室1卫,2/6层,朝阳区,垡头,垡头西里,地铁：距7号线欢乐谷景区站1150米
6500,63,149885-A,1室1卫,1/29层,西城区,达官营,西豪逸景家园,"地铁：距7号线,16号线达官营站600米"
3240,48,129120-A,1室1卫,1/6层,昌平区,沙河,于辛家园,地铁：距昌平线沙河站750米
3320,38,147678-A,1室1卫,8/12层,通州区,北运河东,荔景园,地铁：距6号线北运河东站1100米
,,,,,,,,
4100,56,15229-A,1室1卫,1/22层,通州区,物资学院路,悦澜水岸家园,地铁：距6号线物资学院路站2350米
5410,43,65170-A,1室1卫,16/26层,丰台区,方庄,10AM新坐标,地铁：距14号线东段方庄站400米
6090,27,9458-A,1室1卫,12/18层,朝阳区,双井,东三环南路,"地铁：距7号线,10号线双井站500米"
4700,45,34857-A,1室1卫,3/15层,海淀区,永丰,友谊嘉园三期,地铁：距16号线永丰站2150米
1690,8,151194-A,3室1卫,3/6层,大兴区,黄村西大街,永华北里,地铁：距4号线大兴线黄村西大街站700米
4930,52,10662-A,1室1卫,9/28层,朝阳区,传媒大学,北花园小区,地铁：距八通线传媒大学站600米
1410,9,152507-C,3室1卫,1/10层,房山区,良乡大学城西,紫汇家园,地铁：距房山线良乡大学城西站550米
6540,47,5056-A,1室1卫,1/6层,朝阳区,朝阳门,禄米仓胡同67号院,"地铁：距2号线,6号线朝阳门站850米"
4190,24,19623-B,3室1卫,23/33层,丰台区,方庄,10AM新坐标,地铁：距14号线东段方庄站400米
4110,24,145262-A,3室1卫,6/10层,大兴区,亦庄桥,星岛假日,地铁：距亦庄线亦庄桥站200米
1840,9,137304-A,3室1卫,3/6层,通州区,梨园,葛布店东里,地铁：距八通线梨园站700米
3660,24,12186-F,6室2卫,6/6层,昌平区,回龙观东大街,华龙苑北里,地铁：距8号线回龙观东大街站600米
10420,101,152701-A,2室1卫,5/16层,朝阳区,九龙山,风度柏林,"地铁：距7号线,14号线东段九龙山站500米"
3540,20,1675-B,4室1卫,6/15层,朝阳区,立水桥南,北苑家园莲葩园,地铁：距5号线立水桥南站650米
8150,79,150857-A,2室1卫,25/28层,朝阳区,青年路,国美第一城西区,地铁：距6号线青年路站1250米
5920,49,52401-A,1室1卫,1/17层,丰台区,方庄,左安浦园,地铁：距14号线东段方庄站900米
4020,23,38839-D,4室2卫,3/18层,东城区,建国门,华侨村,"地铁：距1号线,2号线建国门站400米"
6190,89,130977-A,2室1卫,6/11层,通州区,北运河东,新华联运河湾,地铁：距6号线北运河西站800米
4760,42,55668-A,1室1卫,2/6层,昌平区,龙泽,龙兴园西区,地铁：距13号线龙泽站1950米
6540,101,137923-A,2室1卫,3/6层,昌平区,回龙观东大街,龙锦苑东二区,地铁：距8号线回龙观东大街站650米
6380,49,150933-A,1室1卫,16/28层,朝阳区,九龙山,易构空间,"地铁：距7号线,14号线东段九龙山站700米"
4430,60,143590-A,1室1卫,15/25层,通州区,梨园,云景豪庭,地铁：距八通线梨园站600米
5620,36,58330-A,1室1卫,5/6层,海淀区,万寿路,翠微南里,地铁：距1号线万寿路站600米
1200,7,29818-A,3室1卫,4/6层,顺义区,俸伯,滨河小区,地铁：距15号线俸伯站1600米
5200,29,153236-A,1室1卫,13/23层,丰台区,蒲黄榆,gogo新世代,"地铁：距5号线,14号线东段蒲黄榆站100米"
1330,12,33423-A,3室1卫,6/6层,房山区,良乡大学城西,玉竹园,地铁：距房山线良乡大学城西站400米
1330,13,35394-B,4室1卫,10/10层,房山区,苏庄,佳世苑小区,地铁：距房山线苏庄站650米
3420,9,116506-A,2室1卫,5/7层,海淀区,白堆子,增光路甲34号,地铁：距9号线白堆子站400米
3140,20,147585-C,3室1卫,25/27层,石景山区,古城,长安家园,地铁：距1号线古城站300米
6870,57,150563-A,1室1卫,27/27层,朝阳区,双井,百环家园,"地铁：距7号线,10号线双井站550米"
1490,11,15741-C,3室1卫,2/6层,房山区,良乡大学城西,阳光邑上,地铁：距房山线良乡大学城西站750米
3610,18,140906-A,2室1卫,11/16层,海淀区,西钓鱼台,万寿路甲15号院四区,地铁：距10号线西钓鱼台站800米
7190,85,152180-A,2室1卫,10/26层,丰台区,方庄,四方景园一区,地铁：距14号线东段方庄站850米
5960,82,148790-A,2室1卫,15/15层,大兴区,旧宫,亦庄北岸,地铁：距亦庄线旧宫站1050米
4490,49,44395-A,1室1卫,12/14层,通州区,梨园,云景东里,地铁：距八通线梨园站350米
5610,54,135677-A,1室1卫,9/14层,朝阳区,潘家园,潘家园东里,地铁：距10号线潘家园站700米
4840,39,41083-A,1室1卫,6/6层,朝阳区,传媒大学,电建北院,地铁：距八通线传媒大学站750米
1300,7,9806-B,4室1卫,1/4层,通州区,通州北关,北通集团家属楼,地铁：距6号线通州北关站1450米
1440,9,9572-A,3室1卫,6/6层,通州区,北运河西,玉桥北里,地铁：距6号线北运河西站1250米
4790,31,53829-B,4室1卫,5/20层,朝阳区,大屯路东,安慧北里逸园,"地铁：距5号线,15号线大屯路东站200米"
4110,24,153842-A,3室1卫,3/11层,丰台区,首经贸,万年花城四期,"地铁：距10号线,房山线首经贸站450米"
3480,20,89-A,3室2卫,2/18层,丰台区,石榴庄,慧时欣园,地铁：距10号线石榴庄站200米
5270,92,146716-A,2室1卫,5/6层,朝阳区,草房,朝通嘉园,地铁：距6号线草房站800米
6990,58,152301-A,1室1卫,19/21层,东城区,广渠门外,领行国际,"地铁：距7号线,17号线广渠门外站600米"
8520,123,147696-A,2室1卫,11/21层,朝阳区,黄渠,鑫兆佳园,地铁：距6号线黄渠站750米
3970,53,147786-A,1室1卫,3/19层,通州区,梨园,泉蔷佳苑,地铁：距八通线梨园站250米
,,,,,,,,
6590,55,35877-A,1室1卫,16/24层,朝阳区,芍药居,芍药居北里,"地铁：距10号线,13号线芍药居站1050米"
9350,73,146444-A,1室1卫,7/27层,朝阳区,朝阳公园,丽水嘉园,"地铁：距3号线,14号线东段朝阳公园站400米"
9570,89,144497-A,2室1卫,10/14层,朝阳区,大郊亭,后现代城,地铁：距7号线大郊亭站650米
7590,62,40178-A,1室1卫,23/25层,东城区,广渠门外,领行国际,"地铁：距7号线,17号线广渠门外站600米"
5320,31,67522-A,1室1卫,1/8层,东城区,磁器口,兴隆都市馨园,"地铁：距5号线,7号线磁器口站400米"
7090,63,19975-A,1室1卫,15/23层,东城区,广渠门外,冠城名敦道,"地铁：距7号线,17号线广渠门外站100米"
1780,12,36081-B,2室1卫,4/6层,通州区,通运门,东营前街,地铁：距6号线通运门站600米
10590,86,152944-A,2室1卫,3/16层,东城区,广渠门内,保利蔷薇,地铁：距7号线广渠门内站350米
7660,64,150023-A,1室1卫,21/23层,东城区,广渠门外,冠城名敦道,"地铁：距7号线,17号线广渠门外站100米"
7210,63,18522-A,1室1卫,13/23层,东城区,广渠门外,冠城名敦道,"地铁：距7号线,17号线广渠门外站100米"
6720,44,41032-A,1室1卫,1/6层,朝阳区,金台路,金台里,"地铁：距6号线,14号线东段金台路站550米"
7430,63,155952-A,1室1卫,15/32层,东城区,广渠门外,金桥国际,"地铁：距7号线,17号线广渠门外站650米"
7330,55,147806-A,2室1卫,4/6层,朝阳区,金台路,金台里,"地铁：距6号线,14号线东段金台路站550米"
6760,49,50159-A,1室1卫,4/18层,东城区,广渠门内,花市枣苑二期,地铁：距7号线广渠门内站350米
1990,10,972-A,3室2卫,3/6层,朝阳区,管庄,朝阳旺角,地铁：距八通线管庄站1050米
8030,54,65221-A,1室1卫,21/27层,东城区,广渠门外,金桥国际,"地铁：距7号线,17号线广渠门外站650米"
7480,61,155943-A,1室1卫,3/27层,东城区,广渠门外,金桥国际,"地铁：距7号线,17号线广渠门外站650米"
7830,45,50438-A,1室1卫,8/18层,东城区,建国门,长安国际,"地铁：距1号线,2号线建国门站800米"
6990,29,72514-A,1室1卫,1/5层,朝阳区,朝阳门,工体西里,"地铁：距2号线,6号线朝阳门站800米"
1960,11,52323-B,3室1卫,4/17层,朝阳区,管庄,远洋一方润园6号院,地铁：距八通线管庄站700米
2280,12,56700-C,3室1卫,1/10层,朝阳区,黄渠,汇鸿家园,地铁：距6号线黄渠站900米
2090,12,132438-C,3室1卫,1/15层,朝阳区,管庄,远洋一方润园6号院,地铁：距八通线管庄站700米
2090,11,4416-F,6室2卫,6/7层,朝阳区,星火,姚家园西里3号院,"地铁：距3号线,20号线星火站350米"
8240,52,135881-A,1室1卫,12/22层,朝阳区,国贸,恋日国际,"地铁：距1号线,10号线国贸站450米"
7530,62,54317-A,1室1卫,4/5层,东城区,广渠门外,CBD总部公寓二期,"地铁：距7号线,17号线广渠门外站750米"
8080,113,145506-A,2室1卫,4/6层,海淀区,田村,玉海园五里,地铁：距6号线田村站950米
1190,12,21203-D,6室2卫,6/6层,房山区,良乡大学城西,伟业嘉园西里,地铁：距房山线良乡大学城西站1050米
6450,45,73254-A,1室1卫,5/12层,朝阳区,九龙山,金港国际,"地铁：距7号线,14号线东段九龙山站500米"
1810,11,22040-A,3室1卫,3/6层,顺义区,石门,西辛南区,地铁：距15号线石门站450米
1790,14,138953-A,3室1卫,4/6层,通州区,梨园,梨园镇政府家属楼,地铁：距八通线梨园站500米
1610,9,158369-B,3室1卫,5/9层,通州区,梨园,紫光花园,地铁：距八通线梨园站1000米
5790,50,52724-A,1室1卫,2/12层,朝阳区,北工大西门,双龙南里,地铁：距14号线东段北工大西门站450米
1870,9,20233-A,3室1卫,4/6层,通州区,通州北苑,北苑157号院,地铁：距八通线通州北苑站650米
6580,49,9088-A,2室1卫,6/6层,东城区,广渠门内,安化南里,地铁：距7号线广渠门内站400米
7400,58,116541-A,1室1卫,4/6层,朝阳区,团结湖,三里屯南路,"地铁：距3号线,10号线团结湖站700米"
1320,15,27023-D,5室2卫,1/2层,房山区,阎村,天恒乐活城,地铁：距燕房线阎村站200米
2090,15,5268-A,4室1卫,4/28层,朝阳区,管庄,东卫城,地铁：距八通线管庄站400米
1510,11,34961-A,3室1卫,3/11层,通州区,通州北关,苏坨新村,地铁：距6号线通州北关站2800米
1740,12,116825-C,3室1卫,3/6层,通州区,临河里,花涧溪,地铁：距八通线临河里站750米
1200,12,27249-D,5室1卫,2/6层,房山区,阎村,绿城百合公寓春云苑,地铁：
1790,10,28146-A,4室1卫,4/6层,顺义区,石门,万科四季花城,地铁：距15号线石门站450米
7580,68,56759-A,1室1卫,3/13层,东城区,广渠门外,远洋德邑,"地铁：距7号线,17号线广渠门外站250米"
2090,16,154718-A,2室1卫,2/4层,朝阳区,八里桥,竹木厂小区,地铁：距八通线八里桥站750米
1250,10,28643-C,4室1卫,1/7层,房山区,良乡大学城西,伟业嘉园西里,地铁：距房山线良乡大学城西站1050米
4160,57,114501-A,1室1卫,4/6层,通州区,梨园,梨园新村,地铁：距八通线梨园站550米
1640,10,130750-A,3室1卫,6/11层,通州区,北运河西,运乔嘉园,地铁：距6号线北运河西站1000米
1640,11,143758-A,3室1卫,3/6层,通州区,果园,李老新村,地铁：距八通线果园站1100米
8590,60,17405-A,2室1卫,4/6层,西城区,鼓楼大街,小市口胡同3号院,"地铁：距2号线,8号线鼓楼大街站750米"
2060,9,45617-B,2室1卫,2/6层,朝阳区,管庄,双桥东路6号院,地铁：距八通线管庄站500米
1650,31,47826-E,6室2卫,5/7层,通州区,通运门,新潮嘉园二期,地铁：距6号线通运门站4150米
1590,12,62397-B,4室1卫,2/6层,通州区,临河里,群芳园,地铁：距八通线临河里站1200米
1640,9,9263-A,6室2卫,5/5层,通州区,九棵树,蓝调沙龙,地铁：距八通线九棵树站550米
1920,16,29511-A,2室1卫,2/6层,通州区,通州北关,华龙小区,地铁：距6号线通州北关站2700米
1600,12,79984-B,4室1卫,4/6层,通州区,北运河西,运乔嘉园,地铁：距6号线北运河西站1000米
4760,37,150161-A,1室1卫,9/24层,丰台区,刘家窑,远中悦麒,地铁：距5号线刘家窑站950米
5920,34,49913-A,1室1卫,6/12层,东城区,广渠门内,绿景苑,地铁：距7号线广渠门内站650米
2900,15,62649-C,4室1卫,24/25层,朝阳区,四惠,力源里,"地铁：距1号线,八通线四惠站250米"
2000,13,69646-A,3室1卫,3/21层,朝阳区,东坝中街,东泽园,地铁：
1330,9,38738-A,3室1卫,9/11层,房山区,良乡大学城西,紫汇家园,地铁：距房山线良乡大学城西站550米
5810,39,64752-A,1室1卫,9/12层,东城区,广渠门内,绿景苑,地铁：距7号线广渠门内站650米
4820,36,65359-A,1室1卫,1/6层,东城区,景泰,定安里,地铁：距14号线东段景泰站450米
1850,9,185-B,4室2卫,2/27层,朝阳区,管庄,京通苑阳光华苑,地铁：距八通线管庄站500米
9000,116,17830-A,2室1卫,8/16层,朝阳区,十里堡,天天朝阳,地铁：距6号线十里堡站850米
1720,9,30651-B,4室1卫,10/28层,通州区,土桥,华远铭悦,地铁：距八通线土桥站950米
1790,10,81486-C,5室2卫,1/6层,朝阳区,八里桥,西马庄园,地铁：距八通线八里桥站1150米
5140,49,23104-A,1室1卫,2/18层,丰台区,海户屯,西罗园南里,地铁：距8号线南段海户屯站650米
2260,13,9832-B,3室1卫,8/16层,朝阳区,管庄,众亿嘉园,地铁：距八通线管庄站800米
4400,56,16256-A,1室1卫,8/22层,通州区,物资学院路,悦澜水岸家园,地铁：距6号线物资学院路站2350米
2700,9,73992-B,2室1卫,11/12层,丰台区,刘家窑,南三环东路,地铁：距5号线刘家窑站150米
2320,9,2331-A,3室1卫,3/26层,朝阳区,高碑店,金隅汇星苑,地铁：距6号线青年路站1450米
2700,10,8123-D,4室1卫,4/13层,朝阳区,青年路,青年汇佳园,地铁：距6号线青年路站250米
2590,10,22010-C,4室2卫,22/26层,朝阳区,四惠东,都市经典家园,"地铁：距1号线,八通线四惠东站700米"
1470,11,23724-A,3室1卫,2/6层,通州区,通州北关,刘庄新村,地铁：距6号线通州北关站2700米
1860,9,25745-C,3室1卫,16/22层,朝阳区,东坝中街,北京城建福润四季,地铁：距3号线东坝中街站2800米
3440,18,124815-E,6室2卫,9/9层,朝阳区,朝阳门,大方家胡同,"地铁：距2号线,6号线朝阳门站650米"
1790,10,19708-A,5室1卫,20/20层,通州区,九棵树,龙湖蔚澜香醍,地铁：距八通线果园站1050米
7360,88,29612-A,2室1卫,4/28层,朝阳区,潘家园,潘家园南里,地铁：距10号线潘家园站950米
1450,12,146745-C,3室1卫,5/6层,房山区,良乡大学城西,鸿顺园西区,地铁：距房山线良乡大学城西站350米
1740,11,33621-A,3室1卫,6/6层,顺义区,石门,前进花园石门苑,地铁：距15号线石门站800米
2460,11,68894-B,3室1卫,21/29层,朝阳区,青年路,金隅泰和园,地铁：距6号线青年路站1250米
5170,47,64760-A,1室1卫,4/24层,丰台区,木樨园,珠江骏景北区,地铁：距8号线南段木樨园站550米
1910,10,59863-A,4室1卫,8/15层,朝阳区,管庄,远洋一方润园6号院,地铁：距八通线管庄站700米
4400,44,79816-A,1室1卫,26/28层,通州区,通州北关,财富东方,地铁：距6号线通州北关站800米
1950,13,69100-B,5室2卫,22/24层,朝阳区,八里桥,长桥园公寓,地铁：距八通线八里桥站650米
5480,46,11023-A,1室1卫,5/6层,朝阳区,平乐园,平乐园,地铁：距14号线东段平乐园站450米
,,,,,,,,
6100,55,15366-A,1室1卫,6/21层,丰台区,刘家窑,筑梦园,地铁：距5号线刘家窑站350米
